{
  "address_fmt": "{st_num} {st_sfx} {st_name}",
  "city": [
    "أبو ثايلة",
    "أبو ظلوف",
    "أم الاحويا",
    "أم الافاعي",
    "أم الجماجم",
    "أم الشخوط",
    "أم العمد",
    "أم القهاب",
    "أم باب",
    "أم صلال على",
    "أم صلال محمد",
    "أم عبيرية",
    "أم غويلينة",
    "البدع الشرقية",
    "الثقب",
    "الثميد",
    "الجسرة",
    "الجميلية",
    "الجميلية",
    "الخاور",
    "الخرارة",
    "الخريب",
    "الخليفة",
    "الخواير",
    "الخور",
    "الدوحة",
    "الدوحة الجديدة",
    "الذخيرة",
    "الراكيات",
    "الرويس",
    "الريان",
    "الريم",
    "الزبارة",
    "السوق",
    "السيليه",
    "الشحانية",
    "الصخامة",
    "الصنع",
    "الصنيع",
    "العامرية",
    "العذبة",
    "الـعريش",
    "العطورية",
    "العوينة",
    "الغارية",
    "الغشامية",
    "الغنيم",
    "الغويرية",
    "القابية",
    "القاف",
    "الكرعانة",
    "الكعبان",
    "الكعبان",
    "الماجدة",
    "المرونة",
    "الـمفجر",
    "النعمان",
    "الهتمي",
    "الهلال الشرقية",
    "الهلال الغربية",
    "الوعب",
    "الوكرة، المدينة الثانية",
    "الوكير",
    "ام الزبار الشرقية",
    "ام الزبار الغربية",
    "ام شبرم",
    "حوطان",
    "راس مطبخ",
    "روضة راشد",
    "زكريت",
    "عريدة",
    "عصاة الراعي",
    "عين اسنان",
    "عين سنان",
    "فويرط",
    "قطر",
    "محيش",
    "مدخان",
    "مدينة رأس لفان الصناعية",
    "مسيعيد",
    "مكينس",
    "نجمة (الدوحة)"
  ],
  "country": {
    "current_locale": "الإمارات العربية المتحدة",
    "name": [
      "أفغانستان",
      "ألبانيا",
      "الجزائر",
      "أندورا",
      "أنغولا",
      "الأرجنتين",
      "أرمينيا",
      "أستراليا",
      "النمسا",
      "أذربيجان",
      "البهاما",
      "البحرين",
      "بنغلاديش",
      "باربادوس",
      "بيلاروسيا",
      "بلجيكا",
      "بليز",
      "بنين",
      "بوتان",
      "بوليفيا",
      "البوسنة والهرسك",
      "بوتسوانا",
      "البرازيل",
      "بروناي",
      "بلغاريا",
      "بوركينا فاسو",
      "بوروندي",
      "كمبوديا",
      "الكاميرون",
      "كندا",
      "الرأس الأخضر",
      "جمهورية أفريقيا الوسطى",
      "تشاد",
      "تشيلي",
      "الصين",
      "كولومبيا",
      "جزر القمر",
      "الكونغو",
      "الكونغو الديمقراطية",
      "كوستاريكا",
      "كرواتيا",
      "كوبا",
      "قبرص",
      "التشيك",
      "الدنمارك",
      "جيبوتي",
      "دومينيكا",
      "جمهورية الدومينيكان",
      "تيمور الشرقية",
      "الإكوادور",
      "مصر",
      "السلفادور",
      "غينيا الاستوائية",
      "إريتريا",
      "إستونيا",
      "إسواتيني",
      "إثيوبيا",
      "فيجي",
      "فنلندا",
      "فرنسا",
      "الغابون",
      "غامبيا",
      "جورجيا",
      "ألمانيا",
      "غانا",
      "اليونان",
      "غرينادا",
      "غواتيمالا",
      "غينيا",
      "غينيا بيساو",
      "غيانا",
      "هايتي",
      "هندوراس",
      "المجر",
      "آيسلندا",
      "الهند",
      "إندونيسيا",
      "إيران",
      "العراق",
      "إيرلندا",
      "إيطاليا",
      "ساحل العاج",
      "جامايكا",
      "اليابان",
      "الأردن",
      "كازاخستان",
      "كينيا",
      "كيريباتي",
      "كوريا الشمالية",
      "كوريا الجنوبية",
      "الكويت",
      "قرغيزستان",
      "لاوس",
      "لاتفيا",
      "لبنان",
      "ليسوتو",
      "ليبيريا",
      "ليبيا",
      "ليختنشتاين",
      "ليتوانيا",
      "لوكسمبورغ",
      "مدغشقر",
      "مالاوي",
      "ماليزيا",
      "جزر المالديف",
      "مالي",
      "مالطا",
      "جزر مارشال",
      "موريتانيا",
      "موريشيوس",
      "المكسيك",
      "ميكرونيزيا",
      "مولدوفا",
      "موناكو",
      "منغوليا",
      "الجبل الأسود",
      "المغرب",
      "موزمبيق",
      "ميانمار",
      "ناميبيا",
      "ناورو",
      "نيبال",
      "هولندا",
      "نيوزيلندا",
      "نيكاراغوا",
      "النيجر",
      "نيجيريا",
      "مقدونيا الشمالية",
      "النرويج",
      "عمان",
      "باكستان",
      "بالاو",
      "بنما",
      "بابوا غينيا الجديدة",
      "باراغواي",
      "بيرو",
      "الفلبين",
      "بولندا",
      "البرتغال",
      "قطر",
      "رومانيا",
      "روسيا",
      "رواندا",
      "سانت كيتس ونيفيس",
      "سانت لوسيا",
      "سانت فنسنت والغرينادين",
      "ساموا",
      "سان مارينو",
      "ساو تومي وبرينسيب",
      "السعودية",
      "السنغال",
      "صربيا",
      "سيشيل",
      "سيراليون",
      "سنغافورة",
      "سلوفاكيا",
      "سلوفينيا",
      "جزر سليمان",
      "الصومال",
      "جنوب أفريقيا",
      "إسبانيا",
      "سريلانكا",
      "السودان",
      "سورينام",
      "السويد",
      "سويسرا",
      "سوريا",
      "تايوان",
      "طاجيكستان",
      "تنزانيا",
      "تايلاند",
      "توغو",
      "تونغا",
      "ترينيداد وتوباغو",
      "تونس",
      "تركيا",
      "تركمانستان",
      "توفالو",
      "أوغندا",
      "أوكرانيا",
      "الإمارات العربية المتحدة",
      "المملكة المتحدة",
      "الولايات المتحدة الأمريكية",
      "أوروغواي",
      "أوزبكستان",
      "فانواتو",
      "فنزويلا",
      "فيتنام",
      "اليمن",
      "زامبيا",
      "زيمبابوي"
    ]
  },
  "continent": [
    "افريقيا",
    "أمريكا الشمالية",
    "أمريكا الجنوبية",
    "القطب الجنوبي",
    "اسيا",
    "اوروبا",
    "أوقيانوسيا"
  ],
  "state": {
    "abbr": [
      "01",
      "02",
      "03",
      "04",
      "05",
      "06",
      "07",
      "08",
      "09",
      "10"
    ],
    "name": [
      "الدوحة",
      "الغويرية",
      "الجميلية",
      "الخور",
      "الوكرة",
      "الريان",
      "جريان البطنة",
      "الشمال",
      "أم صلال",
      "مسيعيد"
    ]
  },
  "street": {
    "suffix": [
      "شارع",
      "نهج",
      "ساحة"
    ],
    "name": [
      "أبو سمرة",
      "أم صلال",
      "الأمل",
      "الأندلس",
      "البحر",
      "البدع",
      "البطحاء",
      "التعاون",
      "التلال",
      "الجوهرة",
      "الجيزة",
      "الحمد",
      "الحويلة",
      "الخليج الغربي",
      "الخور",
      "الخور الجديدة",
      "الدانة",
      "الدوحة",
      "الدوحة الجديدة",
      "الرباط",
      "الرفاع",
      "الرويس",
      "الريان",
      "السد",
      "السيتي سنتر",
      "السيلية",
      "الشعلة",
      "الطريق الدائري الأول",
      "الطريق الدائري الثالث",
      "الطريق الدائري الثاني",
      "الطريق الدائري الخامس",
      "الطريق الدائري الرابع",
      "الطريق الدائري السادس",
      "الطريق السريع",
      "العزبة",
      "العطف",
      "الغرافة",
      "الفلاح",
      "الفهد",
      "القصير",
      "القطيف",
      "القلعة",
      "الكعبة",
      "الكورنيش",
      "اللؤلؤة",
      "المحيط",
      "المرقاب",
      "المصرف",
      "المطار",
      "المعلم",
      "المها",
      "المونس",
      "النجمة",
      "النصر",
      "النصر",
      "النصر",
      "النعيم",
      "الوكرة",
      "بن راشد",
      "بن محمود",
      "جامعة قطر",
      "جوعان",
      "سلوى",
      "فهد بن جاسم",
      "قطر"
    ]
  },
  "postal_code_fmt": "#####"
}
