{
  "academic_degree": [
    "Bachelor",
    "Διδακτορικό Δίπλωμα",
    "Μεταπτυχιακό Δίπλωμα Ειδίκευσης"
  ],
  "gender": [
    "Άνδρας",
    "Γυναίκα"
  ],
  "language": [
    "Αγγλικά",
    "Αλβανικά",
    "Αραβικά",
    "Αρμένικα",
    "Βουλγάρικα",
    "Γαλλικά",
    "Γερμανικά",
    "Γεωργικά",
    "Δανέζικα",
    "Ελληνικά",
    "Ιαπωνικά",
    "Ινδονησιακά",
    "Ιρλανδικά",
    "Ισλανδικά",
    "Ισπανικά",
    "Ιταλικά",
    "Καναδέζικα",
    "Κινέζικα",
    "Κορεάτικα",
    "Κροάτικα",
    "Ολλανδικά",
    "Ουγγαρικά",
    "Πολωνικά",
    "Σουαχίλι",
    "Σουιδικά",
    "Ταϊλανδέζικα",
    "Τσέχικα",
    "Φιλλιπινέζικα",
    "Φινλανδικά"
  ],
  "names": {
    "female": [
      "Άλκηστις",
      "Άννα",
      "Άντζελα",
      "Άρτεμις",
      "Έλενα",
      "Έφη",
      "Ήρα",
      "Όλγα",
      "Αγγέλικα",
      "Αγγέλικα",
      "Αθανασία",
      "Αθηνά",
      "Αλέκα",
      "Αλεξάνδρα",
      "Αλεξία",
      "Αμάντα",
      "Αμαλία",
      "Αναστασία",
      "Ανδριάνα",
      "Ανδρομάχη",
      "Ανδρονίκη",
      "Ανθή",
      "Ανθούλα",
      "Ανναμπέλλα",
      "Αννούλα",
      "Αντιγόνη",
      "Αντριάνα",
      "Απολλωνία",
      "Αργυρώ",
      "Αρετή",
      "Αριάδνη",
      "Αφροδίτη",
      "Βέρα",
      "Βίκη",
      "Βαγγελιώ",
      "Βασιλική",
      "Βικτωρία",
      "Βούλα",
      "Γαβριέλα",
      "Γαρουφαλλιά",
      "Γεωργία",
      "Γιώτα",
      "Δάφνη",
      "Δέσποινα",
      "Δήμητρα",
      "Δανάη",
      "Δούκισσα",
      "Εβελίνα",
      "Ελένη",
      "Ελεονώρα",
      "Ελευθερία",
      "Ελισάβετ",
      "Ελπίδα",
      "Εμμανουέλα",
      "Ευελίνα",
      "Ευθυμία",
      "Ευρυδίκη",
      "Ευτυχία",
      "Ζαχαρένια",
      "Ζωή",
      "Ηώ",
      "Θάλεια",
      "Θανασία",
      "Θεοδοσία",
      "Θεοδώρα",
      "Θωμαή",
      "Ιζαμπέλλα",
      "Ιωάννα",
      "Κέλλυ",
      "Καλλιρόη",
      "Καλλιόπη",
      "Κατερίνα",
      "Κική",
      "Κλεονίκη",
      "Κλεοπάτρα",
      "Κυριακή",
      "Κωνσταντίνα",
      "Λαμπρινή",
      "Λυδία",
      "Μάγδα",
      "Μάγια",
      "Μάρθα",
      "Μαρία",
      "Μαρίνα",
      "Μαργαρίτα",
      "Ματίνα",
      "Μιχαέλα",
      "Νάσια",
      "Νίκη",
      "Νατάσα",
      "Ναταλία",
      "Νεφέλη",
      "Νικολέτα",
      "Ντίνα",
      "Ξένια",
      "Ξανθίππη",
      "Ολυμπία",
      "Παναγιώτα",
      "Παυλίνα",
      "Πηνελόπη",
      "Πολυνίκη",
      "Ραφαέλα",
      "Ροδάνθη",
      "Σάρα",
      "Σμαράγδα",
      "Σοφία",
      "Στέλλα",
      "Σταυρούλα",
      "Σωτηρία",
      "Φένια",
      "Φοίβη",
      "Φρόσω",
      "Χαρά",
      "Χριστίνα",
      "Χρύσα"
    ],
    "male": [
      "Άγγελος",
      "Άδωνις",
      "Έκτορας",
      "Αγάπιος",
      "Αγαθόνικος",
      "Αγαμέμνων",
      "Αγησίλαος",
      "Αδάμ",
      "Αδριανός",
      "Αθανάσιος",
      "Αλέξανδρος",
      "Αλέξης",
      "Ανέστης",
      "Αναστάσιος",
      "Ανδρέας",
      "Ανδρόνικος",
      "Αντρέας",
      "Αντώνης",
      "Αντώνιος",
      "Αποστόλης",
      "Αργύρης",
      "Αρχιμήδης",
      "Αυγουστής",
      "Αχιλλέας",
      "Βίκτορας",
      "Βίκτωρ",
      "Βαγγέλης",
      "Βαλάντης",
      "Βασίλης",
      "Βενιζέλος",
      "Βλάσης",
      "Βλαδίμηρος",
      "Γαβριήλ",
      "Γεώργιος",
      "Γιάννης",
      "Γιώργος",
      "Δήμος",
      "Δαμιανός",
      "Δημήτρης",
      "Διονύσης",
      "Εμμανουήλ",
      "Ερατοσθένης",
      "Ερμής",
      "Ευθύμης",
      "Ευκλείδης",
      "Ευριπίδης",
      "Ζάχος",
      "Ζήσης",
      "Ζαχαρίας",
      "Ηλίας",
      "Ηρακλής",
      "Θάνος",
      "Θέμης",
      "Θανάσης",
      "Θεόδωρος",
      "Θοδωρής",
      "Θωμάς",
      "Ιακώβ",
      "Ισαάκ",
      "Ιωάννης",
      "Καλλίστρατος",
      "Κλεομένης",
      "Κοσμάς",
      "Κωνσταντίνος",
      "Κώστας",
      "Λάζαρος",
      "Λάκης",
      "Λάμπρος",
      "Λέανδρος",
      "Λευτέρης",
      "Λουκάς",
      "Λυκούργος",
      "Μάκης",
      "Μάνθος",
      "Μάνος",
      "Μάρκος",
      "Μίλτος",
      "Μίμης",
      "Μανώλης",
      "Μαργαρίτης",
      "Ματθαίος",
      "Μενέλαος",
      "Μιχαήλ",
      "Νέστορας",
      "Νίκος",
      "Νικόλαος",
      "Ντίνος",
      "Ξενοφών",
      "Οδυσσέας",
      "Ορέστης",
      "Πέτρος",
      "Παναγιώτης",
      "Παντελής",
      "Παρθένης",
      "Παύλος",
      "Πορφύρης",
      "Ρήγας",
      "Ραφαήλ",
      "Σάββας",
      "Σάκης",
      "Σίμος",
      "Σολομών",
      "Σοφοκλής",
      "Σπάρτακος",
      "Σπύρος",
      "Σωκράτης",
      "Σωτήρης",
      "Τάκης",
      "Τάσος",
      "Φάνης",
      "Φίλιππος",
      "Φιλόθεος",
      "Φοίβος",
      "Φώτης",
      "Χάρης",
      "Χαράλαμπος",
      "Χαραλάμπης",
      "Χρήστος"
    ]
  },
  "nationality": [
    "Άγγλος",
    "Αμερικάνος",
    "Βραζιλιάνος",
    "Γάλλος",
    "Ιάπωνας",
    "Κινέζος",
    "Ουκρανός",
    "Πολωνός",
    "Ρώσος"
  ],
  "occupation": [
    "Έμπορος",
    "Αγγειοπλάστης",
    "Αγοραστής διαφημιστικού χώρου",
    "Αναισθησιολόγος",
    "Αντιπρόσωπος γραφείου τουρισμού",
    "Αξιωματικός",
    "Αρχαιολόγος",
    "Αρχιτέκντονας",
    "Αρχιτέκτονας εσωτερικού χώρου",
    "Αστρονάυτης",
    "Αστρονόμος / Αστροφυσικός",
    "Αστυνομικός",
    "Αστυφύλακας",
    "Βιβλιοθηκάριος",
    "Βιβλιοπώλης",
    "Βιολόγος",
    "Βιοστατιστικολόγο",
    "Βιοχειμικός",
    "Βοηθός διαχειριστή",
    "Βοηθός λογιστή",
    "Βοτανολόγος",
    "Βοτανολόγος",
    "Γενετιστής",
    "Γενικός αντιπρόσωπος",
    "Γεολόγος",
    "Γεωργός",
    "Γιατρός",
    "Γραμματέας",
    "Γυναικολόγος",
    "Δάσκαλος",
    "Δημοσιογράφος",
    "Διαμεσολαβητής",
    "Διαχειριστής βάσης δεδομένων",
    "Διαχειριστής δικτύου",
    "Διαχειριστής πωλήσεων",
    "Διαχειριστής της ευρωπαϊκής δημόσιας διοίκησης",
    "Διετολόγος",
    "Διευθυντής",
    "Δικηγόρος",
    "Διοργανωτής αθλητικών δραστηριοτήτων",
    "Διοργανωτής δραστηριοτήτων σε θέματα φύσης",
    "Διοργανωτής κοινικών δραστηριοτήτων",
    "Διοργανωτής τουριστικών δραστηριοτήτων",
    "ΕΘνολόγος",
    "Εικονογράφος",
    "Εισαγγελέας",
    "Εκδότης",
    "Εκπαιδευτής",
    "Εκπρόσωπος διαλογής",
    "Ελεγκτής εναέριας κυκλοφορίας",
    "Εμπορικός ακόλουθος",
    "Ενδυματολόγος",
    "Επαγγελματίας αθλητλης",
    "Επιστήμονας",
    "Επιτηρητής",
    "Επιχειρηματίας",
    "Εργολάβος",
    "Ζωγράφος",
    "Ηθοποιός",
    "Ηλεκτρολόγος",
    "Ηχολήπτης",
    "Καθαριστής",
    "Καθηγητής",
    "Καπετάνιος",
    "Κινησιοθεραπευτής",
    "Κλιματολόγος",
    "Κλόουν",
    "Κοινωνιολόγος",
    "Κοσμηματοπώλης / Χρυσοχόος",
    "Κρεατοπώλης / Χασάπης",
    "Κτηνίατρος",
    "Κυβερνήτης",
    "Κωμικός",
    "Λέκτορας",
    "Λογιστής",
    "Λογοθεραπευτής",
    "Μάγειρας",
    "Μαθηματικός",
    "Μακετίστας",
    "Μεσίτης",
    "Μεσίτης ακινήτων",
    "Μεταφραστής",
    "Μηχανικός",
    "Μηχανικός εμπορικού ναυτικού",
    "Μοντέλο",
    "Μουσικός συνθέτης",
    "Νοσοκόμος",
    "Ξυλούργος",
    "Οδηγός",
    "Οδοντίατρος",
    "Οικογενειακός σύμβουλος",
    "Οικονομολόγος",
    "Οινοχόος",
    "Ορνιθολόγος",
    "Οφθαλμίατρος",
    "Παιδίατρος",
    "Παιδο-ψυχίατρος",
    "Πιλότος",
    "Πολιτικός μηχανικός",
    "Προ-νηπιακός δάσκαλος",
    "Πωλητής",
    "Ρεπόρτερ",
    "Ρεσεψιονίστας",
    "Σεναριογράφος",
    "Σκηνογράφος",
    "Σκηνοθέτης",
    "Σκηνοθέτης",
    "Στρατηγός",
    "Στυλίστας",
    "Συνοριοφύλακας",
    "Σχεδιαστής παιχνιδιών",
    "Σύμβουλος",
    "Ταμείας",
    "Τοπογράφος",
    "Τραγουδιστής",
    "Τροχονόμος",
    "Υδατοκαλλιεργητών",
    "Υδροβιολόγος",
    "Υδρογεωολόγος",
    "Υπεύθυνος αεροναυπηγικής",
    "Υπεύθυνος τοπικής ανάπτυξης",
    "Υφαντουργός",
    "Φούρναρης",
    "Φωτογράφος",
    "Χαρτογράφος",
    "Χειρουργός",
    "Χωροφύλακας",
    "Ψυχίατρος",
    "Ψυχαναλύτης",
    "Ψυχολόγος",
    "Ψυχολόγος",
    "Ωκεανολόγος",
    "Ωτολαρυγγολόγος"
  ],
  "political_views": [
    "Αναρχισμός",
    "Κομμουνισμός",
    "Σοσιαλισμός",
    "Συντηρητικός",
    "Φιλελεύθερος"
  ],
  "surnames": {
    "female": [
      "Αβραμίδη",
      "Αγγελίδη",
      "Αθανασίου",
      "Αθανασιάδη",
      "Αλαβάνου",
      "Αλεξάκη",
      "Αλεξίου",
      "Αλεξανδρίδη",
      "Αλεξιάδη",
      "Αλεξοπούλου",
      "Αμανατίδη",
      "Αναγνωστάκη",
      "Αναγνωστοπούλου",
      "Αναστασιάδη",
      "Ανδρεάδη",
      "Αντωνιάδη",
      "Αποστολίδου",
      "Αποστόλου",
      "Ασλανίδου",
      "Βάμβα",
      "Βασιλείου",
      "Βασιλειάδη",
      "Βασιλοπούλου",
      "Βικελίδη",
      "Βούλγαρη",
      "Γαλάνη",
      "Γεωργίου",
      "Γεωργιάδη",
      "Γιάγκου",
      "Γιαννάρη",
      "Γιαννοπούλου",
      "Γκόφα",
      "Γούδη",
      "Γραμματικοπούλου",
      "Δαγκλή",
      "Δημητρίου",
      "Διαμαντοπούλου",
      "Δουβουνιώτη",
      "Δραγούμη",
      "Ελευθεροπούλου",
      "Ελυθεριάδη",
      "Ζάππα",
      "Ζάχου",
      "Ζαΐμη",
      "Ζαφειροπούλου",
      "Ζερβού",
      "Ηλιάδη",
      "Θεοδοσίου",
      "Ιορδανίδου",
      "Ιωάννου",
      "Καλάρη",
      "Καραμάνου",
      "Κατσιγιάννη",
      "Κορομηλά",
      "Μήτζου",
      "Μόσχου"
    ],
    "male": [
      "Αβραμίδης",
      "Αγγελίδης",
      "Αθανασίου",
      "Αθανασιάδης",
      "Αλαβάνος",
      "Αλεξάκης",
      "Αλεξίου",
      "Αλεξανδρίδης",
      "Αλεξιάδης",
      "Αλεξόπουλος",
      "Αμανατίδης",
      "Αναγνωστάκης",
      "Αναγνωστόπουλος",
      "Αναστασιάδης",
      "Ανδρεάδης",
      "Αντωνιάδης",
      "Αποστολίδης",
      "Αποστόλου",
      "Ασλανίδης",
      "Βάμβας",
      "Βασιλείου",
      "Βασιλειάδης",
      "Βασιλόπουλος",
      "Βικελίδης",
      "Βούλγαρη",
      "Γαλάνης",
      "Γεωργίου",
      "Γεωργιάδης",
      "Γιάγκος",
      "Γιαννάρης",
      "Γιαννόπουλος",
      "Γκόφας",
      "Γουδής",
      "Γραμματικόπουλος",
      "Δαγκλής",
      "Δημητρίου",
      "Διαμαντόπουλος",
      "Δουβουνιώτης",
      "Δραγούμης",
      "Ελευθερόπουλος",
      "Ελυθεριάδης",
      "Ζάππας",
      "Ζάχος",
      "Ζαΐμης",
      "Ζαφειρόπουλος",
      "Ζερρβός",
      "Ηλιάδης",
      "Θεοδοσίου",
      "Ιορδανίδου",
      "Ιωάννου",
      "Καλάρης",
      "Καραμάνος",
      "Κατσιγιάννης",
      "Κορομηλάς",
      "Μήτζου",
      "Μόσχος"
    ]
  },
  "telephone_fmt": [
    "23########",
    "69########",
    "+30 23########"
  ],
  "title": {
    "female": {
      "typical": [
        "Κα.",
        "Κυρία"
      ],
      "academic": [
        "PhD",
        "Δρ.",
        "Καθ."
      ]
    },
    "male": {
      "typical": [
        "Κ.",
        "Κύριος."
      ],
      "academic": [
        "PhD",
        "Δr.",
        "Καθ."
      ]
    }
  },
  "university": [
    "Αλεξάνδρειο Τεχνολογικό Εκπαιδευτικό Ίδρυμα Θεσσαλονίκης",
    "Ανωτάτη Σχολή Καλών Τεχνών",
    "Ανώτατη Σχολή Παιδαγωγικής και Τεχνολογικής Εκπαίδευσης",
    "Αριστοτέλειο Πανεπιστήμιο Θεσσαλονίκης",
    "Γεωπονικό Πανεπιστήμιο Αθηνών",
    "Δημοκρίτειο Πανεπιστήμιο Θράκης",
    "Διεθνές Πανεπιστήμιο Ελλάδος",
    "Εθνικό Μετσόβιο Πολυτεχνείο",
    "Εθνικό και Καποδιστριακό Πανεπιστήμιο Αθηνών",
    "Ελληνικό Ανοικτό Πανεπιστήμιο",
    "Ιόνιο Πανεπιστήμιο",
    "Οικονομικό Πανεπιστήμιο Αθηνών",
    "Πάντειο Πανεπιστήμιο Κοινωνικών και Πολιτικών Επιστημών",
    "Πανεπιστήμιο Αιγαίου",
    "Πανεπιστήμιο Δυτικής Μακεδονίας",
    "Πανεπιστήμιο Θεσσαλίας",
    "Πανεπιστήμιο Ιωαννίνων",
    "Πανεπιστήμιο Κρήτης",
    "Πανεπιστήμιο Μακεδονίας",
    "Πανεπιστήμιο Πατρών",
    "Πανεπιστήμιο Πειραιώς",
    "Πανεπιστήμιο Πελοποννήσου",
    "Πολυτεχνείο Κρήτης",
    "Τεχνολογικό Εκπαιδευτικό Ίδρυμα Αθήνας",
    "Τεχνολογικό Εκπαιδευτικό Ίδρυμα Ανατολικής Μακεδονίας και Θράκης",
    "Τεχνολογικό Εκπαιδευτικό Ίδρυμα Δυτικής Ελλάδας",
    "Τεχνολογικό Εκπαιδευτικό Ίδρυμα Δυτικής Μακεδονίας",
    "Τεχνολογικό Εκπαιδευτικό Ίδρυμα Θεσσαλίας",
    "Τεχνολογικό Εκπαιδευτικό Ίδρυμα Ιονίων Νήσων",
    "Τεχνολογικό Εκπαιδευτικό Ίδρυμα Κεντρικής Μακεδονίας",
    "Τεχνολογικό Εκπαιδευτικό Ίδρυμα Κρήτης",
    "Τεχνολογικό Εκπαιδευτικό Ίδρυμα Πειραιά",
    "Τεχνολογικό Εκπαιδευτικό Ίδρυμα Πελοποννήσου",
    "Τεχνολογικό Εκπαιδευτικό Ίδρυμα Στερεάς Ελλάδας",
    "Χαροκόπειο Πανεπιστήμιο "
  ],
  "views_on": [
    "Αρνητική",
    "Θετική",
    "Ουδέτερη",
    "Συμβιβάσιμος"
  ],
  "worldview": [
    "Αγνωστικισμός",
    "Αθεϊσμός",
    "Καθολικισμός",
    "Κομφουκιανισμός",
    "Κοσμικός ανθρωπισμός",
    "Ντεϊσμό",
    "Πανθεϊσμός"
  ]
}
