{
  "address_fmt": "{st_num} {st_sfx} {st_name}",
  "city": [
    "آسفي",
    "أكادير",
    "الجديدة",
    "الحسيمة",
    "الخميسات",
    "الدار البيضاء",
    "الراشيدية",
    "الرباط",
    "الصويرة",
    "العرائش",
    "العيون",
    "الفقيه بنصالح",
    "الفنيدق",
    "القصر الكبير",
    "القنيطرة",
    "الناظور",
    "اليوسفية",
    "اولاد التايمة",
    "برشيد",
    "بركان",
    "بنجرير",
    "بني ملال",
    "تارودانت",
    "تازة",
    "تاوريرت",
    "تزنيت",
    "تطوان",
    "تمارة",
    "تيفلت",
    "جرادة",
    "جرسيف",
    "خريبكة",
    "خنيفرة",
    "سطات",
    "سلا الجديدة",
    "سوق السبت أولاد النمة",
    "سيدي سليمان",
    "سيدي قاسم",
    "شفشاون",
    "صفرو",
    "طانطان",
    "طنجة",
    "فاس",
    "قلعة السراغنة",
    "مراكش",
    "مكناس",
    "وادي زم",
    "وجدة",
    "ورزازات",
    "وزان"
  ],
  "country": {
    "current_locale": "الجزائر",
    "name": [
      "أفغانستان",
      "ألبانيا",
      "الجزائر",
      "أندورا",
      "أنغولا",
      "الأرجنتين",
      "أرمينيا",
      "أستراليا",
      "النمسا",
      "أذربيجان",
      "البهاما",
      "البحرين",
      "بنغلاديش",
      "باربادوس",
      "بيلاروسيا",
      "بلجيكا",
      "بليز",
      "بنين",
      "بوتان",
      "بوليفيا",
      "البوسنة والهرسك",
      "بوتسوانا",
      "البرازيل",
      "بروناي",
      "بلغاريا",
      "بوركينا فاسو",
      "بوروندي",
      "كمبوديا",
      "الكاميرون",
      "كندا",
      "الرأس الأخضر",
      "جمهورية أفريقيا الوسطى",
      "تشاد",
      "تشيلي",
      "الصين",
      "كولومبيا",
      "جزر القمر",
      "الكونغو",
      "الكونغو الديمقراطية",
      "كوستاريكا",
      "كرواتيا",
      "كوبا",
      "قبرص",
      "التشيك",
      "الدنمارك",
      "جيبوتي",
      "دومينيكا",
      "جمهورية الدومينيكان",
      "تيمور الشرقية",
      "الإكوادور",
      "مصر",
      "السلفادور",
      "غينيا الاستوائية",
      "إريتريا",
      "إستونيا",
      "إسواتيني",
      "إثيوبيا",
      "فيجي",
      "فنلندا",
      "فرنسا",
      "الغابون",
      "غامبيا",
      "جورجيا",
      "ألمانيا",
      "غانا",
      "اليونان",
      "غرينادا",
      "غواتيمالا",
      "غينيا",
      "غينيا بيساو",
      "غيانا",
      "هايتي",
      "هندوراس",
      "المجر",
      "آيسلندا",
      "الهند",
      "إندونيسيا",
      "إيران",
      "العراق",
      "إيرلندا",
      "إيطاليا",
      "ساحل العاج",
      "جامايكا",
      "اليابان",
      "الأردن",
      "كازاخستان",
      "كينيا",
      "كيريباتي",
      "كوريا الشمالية",
      "كوريا الجنوبية",
      "الكويت",
      "قرغيزستان",
      "لاوس",
      "لاتفيا",
      "لبنان",
      "ليسوتو",
      "ليبيريا",
      "ليبيا",
      "ليختنشتاين",
      "ليتوانيا",
      "لوكسمبورغ",
      "مدغشقر",
      "مالاوي",
      "ماليزيا",
      "جزر المالديف",
      "مالي",
      "مالطا",
      "جزر مارشال",
      "موريتانيا",
      "موريشيوس",
      "المكسيك",
      "ميكرونيزيا",
      "مولدوفا",
      "موناكو",
      "منغوليا",
      "الجبل الأسود",
      "المغرب",
      "موزمبيق",
      "ميانمار",
      "ناميبيا",
      "ناورو",
      "نيبال",
      "هولندا",
      "نيوزيلندا",
      "نيكاراغوا",
      "النيجر",
      "نيجيريا",
      "مقدونيا الشمالية",
      "النرويج",
      "عمان",
      "باكستان",
      "بالاو",
      "بنما",
      "بابوا غينيا الجديدة",
      "باراغواي",
      "بيرو",
      "الفلبين",
      "بولندا",
      "البرتغال",
      "قطر",
      "رومانيا",
      "روسيا",
      "رواندا",
      "سانت كيتس ونيفيس",
      "سانت لوسيا",
      "سانت فنسنت والغرينادين",
      "ساموا",
      "سان مارينو",
      "ساو تومي وبرينسيب",
      "السعودية",
      "السنغال",
      "صربيا",
      "سيشيل",
      "سيراليون",
      "سنغافورة",
      "سلوفاكيا",
      "سلوفينيا",
      "جزر سليمان",
      "الصومال",
      "جنوب أفريقيا",
      "إسبانيا",
      "سريلانكا",
      "السودان",
      "سورينام",
      "السويد",
      "سويسرا",
      "سوريا",
      "تايوان",
      "طاجيكستان",
      "تنزانيا",
      "تايلاند",
      "توغو",
      "تونغا",
      "ترينيداد وتوباغو",
      "تونس",
      "تركيا",
      "تركمانستان",
      "توفالو",
      "أوغندا",
      "أوكرانيا",
      "الإمارات العربية المتحدة",
      "المملكة المتحدة",
      "الولايات المتحدة الأمريكية",
      "أوروغواي",
      "أوزبكستان",
      "فانواتو",
      "فنزويلا",
      "فيتنام",
      "اليمن",
      "زامبيا",
      "زيمبابوي"
    ]
  },
  "continent": [
    "افريقيا",
    "أمريكا الشمالية",
    "أمريكا الجنوبية",
    "القطب الجنوبي",
    "اسيا",
    "اوروبا",
    "أوقيانوسيا"
  ],
  "state": {
    "abbr": [
      "01",
      "02",
      "03",
      "04",
      "05",
      "06",
      "07",
      "08",
      "09",
      "10",
      "11"
    ],
    "name": [
      "جهة الداخلة وادي الذهب",
      "جهة الدار البيضاء سطات",
      "جهة الرباط سلا القنيطرة",
      "جهة الشرق",
      "جهة العيون الساقية الحمراء",
      "جهة بني ملال خنيفرة",
      "جهة درعة تافيلالت",
      "جهة سوس ماسة",
      "جهة طنجة تطوان الحسيمة",
      "جهة فاس مكناس",
      "جهة كلميم واد نون",
      "جهة مراكش آسفي"
    ]
  },
  "street": {
    "suffix": [
      "شارع",
      "طريق",
      "نهج",
      "حديقة",
      "ساحة",
      "معبر",
      "مقطع"
    ],
    "name": [
      "أحمد الراشدي",
      "أمل",
      "إبن خلدون",
      "إبن سيناء",
      "الأخوة",
      "الأدارسة",
      "الأسد",
      "الأطلس",
      "الأقواس",
      "الأمل",
      "الأمير مولاي رشيد",
      "الأميرة لالة سلمى",
      "الأندلس",
      "الأنوار",
      "الأوراس",
      "الإخلاص",
      "الابتكار",
      "الباز",
      "الباطوار",
      "البركة",
      "البرلمان",
      "البيضاء",
      "التربية",
      "التعاون",
      "التقدم",
      "التنمية",
      "الجولان",
      "الحسن",
      "الحسن الأول",
      "الحسن الثاني",
      "الحسن بن الصالح",
      "الحكمة",
      "الحمام",
      "الرحمة",
      "الرسالة",
      "الروابي",
      "الرياض",
      "الزهور",
      "الزيتون",
      "السعديين",
      "السعيدية",
      "السلام",
      "الشرفاء",
      "الشهداء",
      "الصخيرات",
      "الطريق",
      "العدالة",
      "العرايش",
      "الفتح",
      "الفضيلة",
      "الفلاح",
      "الفلور",
      "القنيطرة",
      "المجاهدين",
      "المحيط",
      "المدينة",
      "المرينيين",
      "المستقبل",
      "المغرب",
      "المفتي",
      "المقاومة",
      "الملاك",
      "الملوك",
      "المنار",
      "المولى عبد الله",
      "النجاح",
      "النجمة",
      "النزهة",
      "النصر",
      "الهجرة",
      "الهدى",
      "الوداد",
      "بن عبد الله",
      "بن ناصر",
      "بوعزة",
      "دار السلام",
      "عبد الرحمان اليوسفي",
      "عبد القادر الفاسي",
      "عبد الكريم الخطابي",
      "عبد الله بن عباس",
      "عبد الله بن ياسين",
      "عبد المجيد الفاسي",
      "عرصة",
      "علال الفاسي",
      "فاطمة الفهرية",
      "لالة مريم",
      "محمد الخامس",
      "محمد بن عبد الله",
      "مصطفى المنصوري",
      "مولاي إسماعيل",
      "مولاي عبد الله",
      "يوسف بن تاشفين"
    ]
  },
  "postal_code_fmt": "#####"
}
