{
  "company": {
    "name": [
      "شركة الاتصالات المغربية (IAM)",
    "شركة فوسفات المغرب",
    "مجموعة البنك الشعبي",
    "مجموعة بنك المغرب العربي",
    "مجموعة أكوا",
    "شركة سوناسيد",
    "شركة المغرب للبتروكيماويات",
    "مجموعة رونو",
    "شركة المراعي",
    "شركة المغرب للتأمين",
    "مجموعة سافي",
    "شركة المغرب للآلات",
    "مجموعة أليانس للتأمين",
    "شركة المغربية للأعمال البحرية",
    "مجموعة دانون",
    "شركة تيكوم",
    "مجموعة جنرال إلكتريك",
    "شركة برومو كابيتال",
    "شركة الأسمدة المغرب",
    "مجموعة أمانديس",
    "شركة لافارج هولسيم",
    "شركة النصر للصناعات",
    "مجموعة إينوي",
    "شركة المغرب للطيران",
    "شركة شيكولاتة كادبوري",
    "مجموعة سويفت",
    "شركة دايو",
    "شركة مشروبات المغرب",
    "مجموعة أكور",
    "شركة الكهرباء المغربية",
    "مجموعة المغرب للخرسانة",
    "شركة المغرب للزيوت",
    "مجموعة كارفور",
    "شركة إريكسون المغرب",
    "مجموعة سيلكوم",
    "شركة المغرب للإلكترونيات",
    "مجموعة مالتي ناسيونال",
    "شركة الموزعين",
    "مجموعة الخياط",
    "شركة تكنولوجيا المعلومات المغربية",
    "مجموعة طاسيلي",
    "شركة تراست",
    "مجموعة تيفاني",
    "شركة تويوتا المغرب",
    "مجموعة أطلس",
    "شركة تصنيع الأدوية المغربية",
    "شركة دابليو دي",
    "مجموعة أسواق السلام",
    "شركة المياه المعدنية",
    "مجموعة يونيفرسال",
    "شركة أدوبي",
    "مجموعة كوسيمار",
    "شركة تكنولوجيا الطاقة",
    "مجموعة دال",
    "شركة إينستاجرام",
    "مجموعة بلوم",
    "شركة بيبسيكو",
    "مجموعة كولا",
    "شركة هارلي دافيدسون",
    "مجموعة إنوي",
    "شركة إف إس إتش",
    "مجموعة زينيث",
    "شركة سيمنز المغرب",
    "مجموعة ليدل",
    "شركة أراد",
    "مجموعة أوشن",
    "شركة فورد المغرب",
    "مجموعة النجم",
    "شركة بترومين",
    "مجموعة ريكسال"
    ],
    "type": {
      "abbr": [
        "شركة",
        "مؤسسة",
        "SARL",
        "SPA",
        "SPAS",
        "SNC",
        "صندوق",
        "شركة أجنبية",
        "تعاضدية",
        "تعاونية",
        "شركة قابضة"
      ],
      "title": [
        "شركة",
        "مؤسسة",
        "شركة ذات مسؤولية محدودة (SARL)",
        "شركة ذات أسهم (SPA)",
        "شركة المساهمة البسيطة (SPAS)",
        "شركة التضامن (SNC)",
        "صندوق",
        "شركة أجنبية",
        "تعاضدية",
        "تعاونية",
        "شركة قابضة"
      ]
    }
  },
  "currency-code": "د.م.",
  "price-format": "####;##",
  "numeric-decimal": ".",
  "numeric-thousands": ",",
  "numeric-frac-digits": 2
}
