{
  "dishes": [
    "البركوكش",
    "البسطيلة",
    "البسطيلة بالدجاج",
    "البغرير",
    "البغرير بالزعتر",
    "البقوليات",
    "البيض المقلي",
    "التمر",
    "الحريرة",
    "الحريرة بالبيض",
    "الحريرة بالحمص",
    "الحريرة بالخضار",
    "الحريرة بالزيتون",
    "الحريرة بالعدس",
    "الحريرة باللحم",
    "الحريرة باللحم والخضار",
    "الحريرة باللحم والمشمش",
    "الحريرة بالموز",
    "الحمص",
    "الحمص بالبيض",
    "الحمص باللحمة",
    "الرايب",
    "الرفيسة",
    "الزعتر",
    "الزعلوك",
    "السلطة المغربية",
    "السمك المشوي",
    "السمك المملح",
    "السمك بالمشمش",
    "الشاي المغربي",
    "الطاجين المغربي",
    "الطاجين بالبرقوق",
    "الطاجين بالبرقوق والزيتون",
    "الطاجين بالبرقوق واللحم",
    "الطاجين بالبيض والخضار",
    "الطاجين بالبيض والزيتون",
    "الطاجين بالخضار",
    "الطاجين بالخضار والتمر",
    "الطاجين بالخضار والعدس",
    "الطاجين بالخضار واللحمة",
    "الطاجين بالدجاج",
    "الطاجين بالدجاج بالزعتر",
    "الطاجين بالدجاج والبرقوق",
    "الطاجين بالدجاج والزيتون",
    "الطاجين بالدجاج والمشمش",
    "الطاجين بالزيتون",
    "الطاجين بالزيتون واللحم",
    "الطاجين بالزيتون والمشمش",
    "الطاجين بالعدس",
    "الطاجين بالعدس والخضار",
    "الطاجين بالعدس واللحم",
    "الطاجين بالكرات",
    "الطاجين باللحم",
    "الطاجين باللحم والبرقوق",
    "الطاجين باللحم والتمر",
    "الطاجين باللحم والخضار",
    "الطاجين باللحم والزعتر",
    "الطاجين باللحم والمشمش",
    "الطاجين باللحم والموز",
    "الطاجين بالمشمش",
    "الطاجين بالمشمش والزيتون",
    "الطاجين بالمشمش والعدس",
    "الطاجين بالموز",
    "الطاجين بالموز والخضار",
    "العدس",
    "الكرات",
    "الكسكس",
    "الكسكس بالتمر",
    "الكسكس بالحليب",
    "الكسكس بالخضار",
    "الكسكس بالدجاج",
    "الكسكس بالعدس والمشمش",
    "الكسكس باللحم والزعتر",
    "الكسكس باللحم والمشمش",
    "الكسكس باللحمة",
    "الكسكس باللحمة والخضار",
    "الكسكس بالمشمش والخضار",
    "الكيش",
    "المحاجب",
    "المحنشة",
    "المروزية",
    "المشروبات المغربية",
    "المشوي",
    "المعجنات المغربية",
    "المعجنات بالزيتون",
    "المعجون",
    "المعجون بالتمر",
    "المعجون باللحم",
    "الملوي",
    "الملوي باللحم",
    "طاجين الدجاج",
    "طاجين السمك",
    "طاجين اللحم"
  ],
  "drinks": [
    "شاي أخضر",
    "شاي أسود",
    "شاي بالأعشاب",
    "شاي بالتمر",
    "شاي بالحليب",
    "شاي بالزنجبيل",
    "شاي بالليمون",
    "شاي بالنعناع",
    "عصير الأناناس",
    "عصير الأناناس بالزنجبيل",
    "عصير الأناناس والبرغموت",
    "عصير الأناناس والفراولة",
    "عصير الأناناس والليمون",
    "عصير البرتقال",
    "عصير البرتقال والجزر",
    "عصير البرتقال والزنجبيل",
    "عصير البرتقال والفراولة",
    "عصير البرتقال والنعناع",
    "عصير البطيخ",
    "عصير البطيخ بالليمون",
    "عصير البطيخ والليمون",
    "عصير البطيخ والنعناع",
    "عصير التفاح",
    "عصير التفاح والجزر",
    "عصير التفاح والزنجبيل",
    "عصير التفاح والفراولة",
    "عصير التفاح والقرفة",
    "عصير التفاح والنعناع",
    "عصير التوت",
    "عصير التوت البري",
    "عصير التوت البري والليمون",
    "عصير الجريب فروت",
    "عصير الجزر",
    "عصير الجزر بالبرتقال",
    "عصير الجزر بالتفاح",
    "عصير الجزر بالليمون",
    "عصير الجزر والتفاح",
    "عصير الجزر والخيار",
    "عصير الجزر والرمان",
    "عصير الخوخ",
    "عصير الخوخ بالنعناع",
    "عصير الدراق",
    "عصير الرمان",
    "عصير الرمان بالتفاح",
    "عصير الرمان والتفاح",
    "عصير الرمان والليمون",
    "عصير الزبادي بالفواكه",
    "عصير الزبيب",
    "عصير الشمام",
    "عصير الشمام بالنعناع",
    "عصير الطماطم",
    "عصير الطماطم بالريحان",
    "عصير الطماطم بالليمون",
    "عصير الطماطم والخيار",
    "عصير الطماطم والفلفل",
    "عصير العنب",
    "عصير العنب بالليمون",
    "عصير الفراولة",
    "عصير الفراولة بالليمون",
    "عصير الفراولة بالنعناع",
    "عصير الفراولة والليمون",
    "عصير الفراولة والموز",
    "عصير الفواكه الاستوائية",
    "عصير الفواكه الاستوائية بالليمون",
    "عصير الفواكه الاستوائية والموز",
    "عصير الفواكه الطازجة",
    "عصير الفواكه المجففة",
    "عصير الفواكه المختلطة",
    "عصير الفواكه المختلطة بالنعناع",
    "عصير الفواكه بالزنجبيل",
    "عصير الكرز",
    "عصير الكرز والليمون",
    "عصير الكيوي",
    "عصير الكيوي بالتفاح",
    "عصير الكيوي بالجزر",
    "عصير الكيوي بالنعناع",
    "عصير الكيوي والفراولة",
    "عصير الكيوي والليمون",
    "عصير الكيوي والموز",
    "عصير الليمون",
    "عصير الليمون بالزنجبيل",
    "عصير الليمون بالنعناع",
    "عصير الليمون والزنجبيل",
    "عصير المانجو",
    "عصير المانجو بالنعناع",
    "عصير المانجو والجزر",
    "عصير المانجو والليمون",
    "عصير المشمش",
    "عصير المشمش بالنعناع",
    "عصير الموز",
    "عصير الموز والفراولة",
    "عصير النعناع والليمون",
    "قهوة",
    "قهوة أمريكية",
    "قهوة إسبرسو",
    "قهوة بالحليب",
    "قهوة كابتشينو",
    "قهوة لاتيه",
    "قهوة ماكياتو",
    "قهوة موكا"
  ],
  "fruits": [
    "تفاح",
    "موز",
    "برتقال",
    "فراولة",
    "أناناس",
    "عنب",
    "كيوي",
    "جوافة",
    "مانجو",
    "رمان",
    "ليمون",
    "تين",
    "خوخ",
    "كمثرى",
    "برقوق",
    "مشمش",
    "تمر",
    "كرز",
    "بطيخ",
    "بابايا",
    "طماطم",
    "أفوكادو",
    "جريب فروت",
    "مانغوستين",
    "التين الشوكي",
    "العنب",
    "الجوافة",
    "البرقوق",
    "الليمون الهندي",
    "المشمش المجفف",
    "التمر الهندي",
    "الفراولة البرية",
    "التوت البري",
    "الكيوي"
  ],
  "spices": [
    "كمون",
    "كزبرة",
    "قرفة",
    "قرنفل",
    "هيل",
    "زعفران",
    "فلفل أسود",
    "فلفل أحمر حار",
    "زنجبيل",
    "سبع بهارات",
    "جوزة الطيب",
    "كركم",
    "بابريكا",
    "العكري",
    "كاري",
    "شمر",
    "ريحان",
    "نعناع",
    "خردل",
    "كراوية",
    "زعتر",
    "شطة",
    "مسحوق الثوم",
    "مسحوق البصل",
    "قشر الليمون المجفف",
    "يانسون",
    "بقدونس مجفف",
    "أوراق الغار",
    "بزار",
    "مسمار",
    "قرفة ناعمة",
    "كزبرة جافة",
    "فلفل أبيض",
    "توابل البحر الأبيض المتوسط",
    "فلفل أسود مجروش",
    "ملح الليمون",
    "توابل تندوري",
    "تاي بودرة",
    "ليمون مجفف",
    "طرخون",
    "راس الحانوت",
    "كزبرة مطحونة"
  ],
  "vegetables": [
    "جزر",
    "بطاطس",
    "بصل",
    "فلفل",
    "كوسة",
    "باذنجان",
    "قرنبيط",
    "لوبيا خضراء",
    "سبانخ",
    "جرجير",
    "خيار",
    "فجل",
    "شمندر",
    "كرنب",
    "ملفوف",
    "يقطين",
    "لوبيا بيضاء",
    "بروكلي",
    "فطر",
    "ثوم",
    "كرافس",
    "الباذنجان",
    "البطاطا الحلوة",
    "العدس",
    "الخرشوف",
    "البرسيم",
    "اللوبيا السوداء",
    "اللوبيا الحمراء"
  ]
}
