{
  "banks": [
    "Bank of Montreal",
    "Bank of Nova Scotia",
    "Canadian Imperial Bank of Commerce",
    "Royal Bank of Canada",
    "Toronto-Dominion Bank",
    "National Bank of Canada"
  ],
  "company": {
    "name": [
      "ATI technologies",
      "AVI Sound International",
      "Addition Elle",
      "Advance Gold",
      "Advanced Cyclotron Systems",
      "Affinity Credit Union",
      "Ahed",
      "Air Canada",
      "Angoss Software Corporation",
      "Arc'teryx",
      "Areva Resources Canada",
      "Aritzia",
      "Arsenal Pulp Press",
      "Atmosphere Visual Effects",
      "BBC Kids",
      "Becancour Silicon",
      "Big Blue Bubble",
      "BigPark",
      "BioWare",
      "Bison Transport",
      "Black Hen Music",
      "BlackBerry",
      "Blake, Cassels & Graydon",
      "Bleeding Art Industries",
      "Blue Water Studios",
      "Bombardier Recreational Products",
      "Boyd Groupme Fund",
      "BrightSide Technologies",
      "Brunet",
      "Buck or Two Extreme Retail,",
      "Buhler Industries",
      "Bulk Barn",
      "Bullfrog Power",
      "CAE",
      "CGI Group",
      "CHUM",
      "CIBC",
      "CSA Group",
      "Cactus Club Cafe",
      "Cadillac Fairview",
      "Calm Air",
      "Cameco",
      "CanJet",
      "Canada Deposit Insurance Corporation",
      "Canada Wide Media",
      "Canadian Bank Note Company",
      "Canadian Broadcasting Corporation",
      "Canadian Hydro Developers",
      "Canadian Light Source,",
      "Canadian National Railway",
      "Canadian Natural Resources Ltd.",
      "Canadian Oil Sands Trust",
      "Canadian Pacific Railway",
      "Canadian Plasma Resources",
      "Canadian Steamship Lines",
      "Canadian Tire",
      "Canadian Tire Financial Services",
      "Canadian Western Bank",
      "Canadian Wheat Board",
      "Canalta Hotels",
      "Candente Copper",
      "Cangene Corp.",
      "Canpotex",
      "Canwest",
      "Capcom Vancouver",
      "Cara Operations",
      "Centra Gas Manitoba",
      "Central Heat Distribution",
      "Central Mountain Air",
      "Citizens Bank of Canada",
      "CityWest",
      "Clearly Canadian",
      "Coffee Time",
      "Cognos",
      "Colt Canada",
      "Comm100",
      "Commodore Books",
      "Concentra Financial",
      "Conestoga-Rovers & Associates",
      "Conexus Credit Union",
      "Continental Newspapers",
      "CoolDrivePass",
      "Corby Distilleries",
      "Cordiant Capital",
      "Corel",
      "Corus Entertainment",
      "Coteau Books",
      "Country Style",
      "Creation Technologies",
      "Cruiseshipcenters international",
      "Customer1",
      "D-Wave Systems",
      "DHX Media Vancouver",
      "Daiya",
      "Diamond Energy",
      "Digital Extremes",
      "Discovery Air",
      "Discovery Air Defence Services",
      "Disney Online Studios Canada",
      "Dofasco",
      "Dollar Giant",
      "Dollarama",
      "Dominion Voting Systems",
      "Domtar",
      "Donner Metals",
      "DreamCatcher Games",
      "Dynamotive Energy Systems",
      "Dynamsoft",
      "EA Black Box",
      "EA Canada",
      "Elastic Path",
      "Electric TM4",
      "EllisDon",
      "Enwave",
      "F9 Financial Reporting",
      "F&P Manufacturing",
      "Fairchild TV",
      "Federated Insurance Company of Canada",
      "Finning",
      "First Majestic Silver",
      "Flickr",
      "Fluid Music",
      "Force Four Entertainment",
      "FortisBC",
      "Forzani Group",
      "Harry Rosen",
      "Hathor Exploration",
      "Home Hardware",
      "Honeywell ASCa",
      "IDA",
      "IGM Financial",
      "IL Therapeutics",
      "Imperial Oil",
      "Info-Tech Research Group",
      "Ingle International",
      "Innovation Place Research Park",
      "Intelligent Creatures",
      "Interchill Records",
      "International Road Dynamics",
      "Intuit Canada",
      "La Capitale",
      "Le Chateau",
      "The Embassy Visual Effects"
    ],
    "type": {
      "title": [
        "Sole Proprietorship",
        "General Partnership",
        "Limited Partnership"
      ],
      "abbr": [
        "SP.",
        "GP",
        "LP"
      ]
    }
  },
  "currency-code": "CAD"
}

