{
  "day": {
    "abbr": [
      "س",
      "ح",
      "ن",
      "ث",
      "ر",
      "خ",
      "ج"
    ],
    "name": [
      "السبت",
      "الأحد",
      "الإثنين",
      "الثلاثاء",
      "الأربعاء",
      "الخميس",
      "الجمعة"
    ]
  },
  "formats": {
    "date": "%d-%m-%Y",
    "time": "%H:%M:%S"
  },
  "month": {
    "abbr": [
      "جانفي",
      "فيفري",
      "مارس",
      "أفريل",
      "ماي",
      "جوان",
      "جويلية",
      "أوت",
      "سبتمبر",
      "أكتوبر",
      "نوفمبر",
      "ديسمبر"
    ],
    "name": [
      "جانفي",
      "فيفري",
      "مارس",
      "أفريل",
      "ماي",
      "جوان",
      "جويلية",
      "أوت",
      "سبتمبر",
      "أكتوبر",
      "نوفمبر",
      "ديسمبر"
    ]
  },
  "periodicity": [
    "سنوي",
    "أسبوعي",
    "أبداً",
    "شهري",
    "نادراً",
    "غالباً",
    "يوميًا",
    "مرة واحدة"
  ]
}
