{
  "company": {
    "name": [
      "شركة الاتصالات اليمنية",
      "المؤسسة العامة للكهرباء",
      "الخطوط الجوية اليمنية",
      "البنك المركزي اليمني",
      "شركة النفط اليمنية",
      "المؤسسة العامة للمياه",
      "شركة يمن موبايل",
      "شركة السعيدة للطيران",
      "شركة الغاز اليمنية",
      "الشركة اليمنية لصناعة الأدوية",
      "المؤسسة اليمنية العامة للتأمين",
      "الشركة اليمنية للسكر",
      "المؤسسة العامة للطرق والجسور",
      "شركة النقل البري اليمنية",
      "دار الحكمة للنشر",
      "مؤسسة السعيد الثقافية",
      "شركة السفير للطباعة",
      "مجموعة هائل سعيد أنعم"
    ],
    "type": {
      "abbr": [
        "شركة",
        "مؤسسة",
        "ذ.م.م",
        "شركة مساهمة",
        "صندوق",
        "شركة أجنبية",
        "جمعية تعاونية",
        "شركة قابضة"
      ],
      "title": [
        "شركة",
        "مؤسسة",
        "شركة ذات مسؤولية محدودة (ذ.م.م)",
        "شركة مساهمة (م.س)",
        "صندوق",
        "شركة أجنبية",
        "جمعية تعاونية",
        "شركة قابضة"
      ]
    }
  },
  "currency-code": "ر.ي.",
  "price-format": "####;##",
  "numeric-decimal": ".",
  "numeric-thousands": ",",
  "numeric-frac-digits": 2
}
