{
  "academic_degree": [
    "بكالوريوس",
    "ماجستير",
    "دكتوراه"
  ],
  "gender": [
    "ذكر",
    "أنثى"
  ],
  "language": [
    "الصينية الماندرين",
    "الإسبانية",
    "الإنجليزية",
    "البنغالية",
    "الهندية",
    "البرتغالية",
    "الروسية",
    "اليابانية",
    "الألمانية",
    "الصينية الوو",
    "الجاوية",
    "الكورية",
    "الفرنسية",
    "الفيتنامية",
    "التيلجو",
    "الصينية الكانتونية",
    "الماراثية",
    "التاميلية",
    "التركية",
    "الأردية",
    "الصينية المين",
    "الصينية الجينيو",
    "الغوجاراتية",
    "البولندية",
    "العربية المصرية",
    "الأوكرانية",
    "الإيطالية",
    "الصينية الشيانغ",
    "المالايالامية",
    "الصينية الهكا",
    "الكانادا",
    "الأوريا",
    "البنجابية الغربية",
    "السوندية",
    "البنجابية الشرقية",
    "الرومانية",
    "البوجبورية",
    "الأذربيجانية",
    "الفارسية",
    "الميثيلية",
    "الهوسا",
    "العربية الجزائرية",
    "البورمية",
    "الصربية",
    "الصينية الجان",
    "الأوادية",
    "التايلاندية",
    "الهولندية",
    "اليوروبية",
    "السندية",
    "العربية المغربية",
    "العربية الصعيدية",
    "الأوزبكية",
    "الماليزية",
    "الأمهرية",
    "الإندونيسية",
    "الإيغبو",
    "الفلبينية",
    "النيبالية",
    "العربية السودانية",
    "السرايكية",
    "الفيزايانية",
    "العربية البدوية",
    "التايلاندية الشمالية الشرقية",
    "الآسامية",
    "الهنغارية",
    "الشيتاغونية",
    "العربية العراقية (الميزوبوتامية)",
    "المدورية",
    "السنهالية",
    "الهاريانفية",
    "الماروارية",
    "التشيكية",
    "اليونانية",
    "الماجاهي",
    "الشاتيسجارية",
    "الدكنية",
    "الصينية المين باي",
    "البيلاروسية",
    "الزوانغ"
  ],
  "names": {
    "female": [
      "فاطمة",
      "زينب",
      "صباح",
      "نادية",
      "سهى",
      "أمينة",
      "سمية",
      "سارة",
      "سلمى",
      "مريم",
      "حنان",
      "ملاك",
      "وفاء",
      "رشا",
      "غادة",
      "هند",
      "ليلى",
      "ريم",
      "هدى",
      "صفاء",
      "رحمة",
      "اسراء",
      "ابتسام",
      "آية",
      "نور",
      "جنى",
      "سهام",
      "فريدة",
      "إيمان",
      "نسرين",
      "ياسمين",
      "فريال",
      "أسماء",
      "خديجة",
      "نجوى",
      "بشرى",
      "فرح",
      "زهراء",
      "هالة",
      "يسرى",
      "أسيل",
      "ميساء",
      "شيماء",
      "سيرين",
      "عبير",
      "لمياء",
      "رندة",
      "آلاء",
      "هاجر",
      "أميرة",
      "نوال",
      "دنيا",
      "مرام",
      "إسراء",
      "هديل",
      "أمال",
      "وصال",
      "رحاب",
      "هبة",
      "رفيدة",
      "دعاء",
      "كوثر",
      "لينا",
      "نور الهدى",
      "نورا"
    ],
    "male": [
      "آدم",
      "أنيس",
      "أكرم",
      "أيمن",
      "إياد",
      "باسم",
      "ريان",
      "سفيان",
      "مروان",
      "نوح",
      "مالك",
      "جواد",
      "خالد",
      "ليث",
      "يوسف",
      "كريم",
      "عماد",
      "علي",
      "زيد",
      "هشام",
      "رامي",
      "حسان",
      "أسامة",
      "أنس",
      "عادل",
      "فهد",
      "سيف",
      "محمود",
      "فارس",
      "خليل",
      "عمر",
      "عبد الله",
      "عبد القادر",
      "عبد الكريم",
      "عزيز",
      "عبد الرحيم",
      "عبد الفتاح",
      "عبد المجيد",
      "عبد الرحمن",
      "يزيد",
      "السعيد",
      "موسى",
      "إبراهيم",
      "سامر",
      "جلال",
      "جواد",
      "خالد",
      "وليد",
      "حمزة",
      "نورالدين",
      "توفيق",
      "سليم",
      "فيصل",
      "سامي",
      "رياض",
      "نادر",
      "طارق",
      "جمال",
      "صهيب",
      "شريف",
      "حليم",
      "بلال",
      "زكريا",
      "منجد",
      "علاء",
      "وسيم",
      "وائل",
      "يعقوب",
      "يحي"
    ]
  },
  "nationality": [
    "أفغاني",
    "ألباني",
    "جزائري",
    "أمريكي",
    "أندوري",
    "أنغولي",
    "أنتيغوي",
    "أرجنتيني",
    "أرميني",
    "أسترالي",
    "نمساوي",
    "أذربيجاني",
    "باهامي",
    "بحريني",
    "بنغلاديشي",
    "بربادوسي",
    "بيلاروسي",
    "بلجيكي",
    "بليزي",
    "بنيني",
    "بوتاني",
    "بوليفي",
    "بوسني",
    "بوتسواني",
    "برازيلي",
    "بريطاني",
    "بروناي",
    "بلغاري",
    "بوركيني",
    "بورمي",
    "بوروندي",
    "كامبودي",
    "كاميروني",
    "كندي",
    "كيب فيردي",
    "تشادي",
    "تشيلي",
    "صيني",
    "كولومبي",
    "كوموري",
    "كونغولي",
    "كوستاريكي",
    "كرواتي",
    "كوبي",
    "قبرصي",
    "تشيكي",
    "دنماركي",
    "جيبوتي",
    "دومينيكاني",
    "إكوادوري",
    "مصري",
    "سلفادوري",
    "غيني استوائي",
    "إريتري",
    "إستوني",
    "إسواتيني",
    "إثيوبي",
    "فيجي",
    "فنلندي",
    "فرنسي",
    "غابوني",
    "غامبي",
    "جورجي",
    "ألماني",
    "غاناوي",
    "يوناني",
    "غرينادي",
    "غواتيمالي",
    "غيني",
    "غيني بيساوي",
    "غوياني",
    "هايتي",
    "هندوراسي",
    "هنغاري",
    "آيسلندي",
    "هندي",
    "إندونيسي",
    "إيراني",
    "عراقي",
    "إيرلندي",
    "إيطالي",
    "إيفواري",
    "جامايكي",
    "ياباني",
    "أردني",
    "كازاخستاني",
    "كيني",
    "كيريباتي",
    "كوري شمالي",
    "كوري جنوبي",
    "كويتي",
    "قيرغيزستاني",
    "لاوسي",
    "لاتفي",
    "لبناني",
    "ليسوتي",
    "ليبيري",
    "ليبي"
  ],
  "occupation": [
    "مدير",
    "مساعد إداري",
    "محاسب",
    "مدير مشاريع",
    "موظف استقبال",
    "مدير تسويق",
    "موظف موارد بشرية",
    "مهندس حاسوب",
    "طبيب",
    "ممرض",
    "صيدلي",
    "أخصائي تخدير",
    "طبيب أسنان",
    "معالج طبيعي",
    "أخصائي نفسي",
    "تقني مختبر",
    "أستاذ جامعي",
    "مشرف تربوي",
    "معلم",
    "مهندس مدني",
    "مهندس كهرباء",
    "مهندس ميكانيكا",
    "مهندس برمجيات",
    "تقني صيانة",
    "تقني إلكترونيات",
    "مصمم جرافيك",
    "مصور",
    "كاتب",
    "مغني",
    "مخرج سينمائي",
    "نجار",
    "سباك",
    "كهربائي",
    "حداد",
    "مبلط",
    "حرفي جلد",
    "صباغ",
    "ميكانيكي سيارات",
    "بناء",
    "بائع",
    "صاحب متجر",
    "محاسب",
    "نادِل",
    "طباخ",
    "حارس أمن",
    "سائق تاكسي",
    "موظف خدمة العملاء",
    "مزارع",
    "مهندس",
    "بيطري",
    "أخصائي بيئة",
    "مدير مزرعة",
    "بستاني",
    "مهندس تنظيف",
    "باحث علمي",
    "كيميائي",
    "عالم آثار",
    "محامي",
    "قاضي",
    "كاتب عدل",
    "مستشار قانوني",
    "محقق",
    "بقال",
    "قاضي التحقيق",
    "مدقق حسابات",
    "صحفي",
    "مذيع",
    "معد برامج",
    "محرر",
    "مراسل",
    "متخصص في التسويق",
    "مختص في الأمن السيبراني",
    "مدرب رياضي",
    "مهندس اعلام الي",
    "مهندس زلازل",
    "تقني أجهزة طبية",
    "شرطي",
    "جمركي",
    "عسكري",
    "اسكافي",
    "خياط",
    "عامل تنظيف",
    "مصور فوتوغرافي",
    "مراقب جودة",
    "مدير موارد بشرية",
    "تقني تدفئة وتكييف",
    "طبيب بيطري",
    "تقني صيانة الالات صناعية",
    "منسق مشاريع",
    "مستشار مالي",
    "مهندس معماري",
    "مستشار تربوي",
    "تقني كهرباء صناعية",
    "تقني كهرباء"
  ],
  "political_views": [
    "رأسمالي",
    "شيوعي",
    "ليبرالي",
    "إسلامي"
  ],
  "surnames": [
    "السميري",
    "الأثوري",
    "الحسني",
    "البكري",
    "العبادي",
    "الزيدي",
    "العيسي",
    "الفضلي",
    "العرشي",
    "البرعي",
    "الواسعي",
    "العمري",
    "الشرفي",
    "الجميري",
    "المدني",
    "العبس",
    "الناشري",
    "المهدي",
    "الصبري",
    "الهاشمي",
    "الحليمي",
    "القدسي",
    "الحكيمي",
    "الزعبي",
    "الطويل",
    "الجلال",
    "الأسودس",
    "السوادي",
    "الراعي",
    "الشمسي",
    "الحجي",
    "الرحبي",
    "العربي",
    "المطري",
    "العباسي",
    "البركاتي",
    "الزهراني",
    "العماد",
    "الهادي",
    "البريهي",
    "الحمدي",
    "البركات",
    "العبيدي",
    "الزعيم",
    "القاضي",
    "الجعدي",
    "البراري",
    "النهاري",
    "الحداد",
    "العمراني",
    "الضبياني",
    "الركباني",
    "الجرداني",
    "العولقي",
    "الحبيشي",
    "المجيدي",
    "الحمادي",
    "المنصوري",
    "البركاني",
    "العشبي",
    "الحارثي",
    "العبدلي",
    "الحمداني",
    "الأنصاري",
    "الجابري",
    "الصراري",
    "الباشا",
    "العميري",
    "المخلافي",
    "القرشي",
    "الملحي",
    "الجباري",
    "الزعفري",
    "الريمي",
    "العبري",
    "العلاقي",
    "الفضة",
    "الزهري",
    "الحسين",
    "العياشي",
    "الرفاعي",
    "الجماعي",
    "الصليحي",
    "المروني",
    "الحيدري"
  ],
  "title": {
    "female": {
      "typical": [
        "السيدة"
      ],
      "academic": [
        "الدكتورة",
        "الأستاذة",
        "المهندسة"
      ]
    },
    "male": {
      "typical": [
        "السيد"
      ],
      "academic": [
        "الدكتور",
        "الأستاذ",
        "المهندس"
      ]
    }
  },
  "university": [
    "جامعة صنعاء",
    "جامعة عدن",
    "جامعة تعز",
    "جامعة حضرموت",
    "الجامعة اليمنية",
    "جامعة إقليم سبأ",
    "جامعة ذمار",
    "الجامعة اللبنانية الدولية - اليمن",
    "جامعة العلوم والتكنولوجيا",
    "جامعة المستقبل",
    "جامعة الأندلس للعلوم والتقنية",
    "جامعة الرازي",
    "جامعة سبأ"
  ],
  "views_on": [
    "سلبي",
    "ايجابي",
    "حيادي"
  ],
  "telephone_fmt": [
    "07########",
    "(+967) 7########",
    "0######",
    "(+967) 0######"
  ],
  "worldview": [
    "مسلم",
    "مسيحي",
    "لا ديني",
    "ملحد",
    "وثني",
    "بوذي",
    "هندوسي",
    "يهودي",
    "إخواني",
    "سلفي",
    "صوفي",
    "غير محدد"
  ]
}
