{
  "address_fmt": "{st_num} {st_sfx} {st_name}",
  "city": [
    "أبو حليفة",
    "أبو فطيرة",
    "الأحمدي",
    "البدع",
    "الجابرية",
    "الجليعة",
    "الخالدية",
    "الخيران",
    "الدسمة",
    "الدعية",
    "الدوحة",
    "الرقة",
    "الرميثية",
    "الروضة",
    "الري",
    "الزور",
    "السالمية",
    "السرة",
    "الشامية",
    "الشعب",
    "الشعيبة",
    "الشويخ",
    "الصالحية",
    "الصباحية",
    "الصليبخات",
    "الصوابر",
    "الظهر",
    "العدان",
    "العديلية",
    "العقيلة",
    "الفحيحيل",
    "الفنطاس",
    "الفنيطيس",
    "الفيحاء",
    "القادسية",
    "القرين",
    "القصور",
    "القيروان",
    "المرقاب",
    "المسيلة",
    "المقوع",
    "المنصورية",
    "المنقف",
    "المهبولة",
    "النزهة",
    "النقرة",
    "النهضة",
    "النويصيب",
    "الوفرة",
    "الوفرة الزراعية",
    "اليرموك",
    "بنيد القار",
    "بنيدر",
    "بيان",
    "جبلة",
    "جنوب السرة",
    "حطين",
    "حولي",
    "دسمان",
    "سلوى",
    "شرق",
    "صبحان",
    "ضاحية جابر العلي",
    "ضاحية صباح السالم",
    "ضاحية عبد الله السالم",
    "ضاحية علي صباح السالم",
    "ضاحية فهد الأحمد",
    "ضاحية مبارك الجابر",
    "غرناطة",
    "قرطبة",
    "كيفان",
    "مبارك الكبير",
    "مدينة الخيران",
    "مدينة جابر الأحمد",
    "مدينة صباح الأحمد",
    "مدينة صباح الأحمد البحرية",
    "مشرف",
    "ميدان حولي",
    "ميناء عبد الله",
    "هدية"
  ],
  "country": {
    "current_locale": "الإمارات العربية المتحدة",
    "name": [
      "أفغانستان",
      "ألبانيا",
      "الجزائر",
      "أندورا",
      "أنغولا",
      "الأرجنتين",
      "أرمينيا",
      "أستراليا",
      "النمسا",
      "أذربيجان",
      "البهاما",
      "البحرين",
      "بنغلاديش",
      "باربادوس",
      "بيلاروسيا",
      "بلجيكا",
      "بليز",
      "بنين",
      "بوتان",
      "بوليفيا",
      "البوسنة والهرسك",
      "بوتسوانا",
      "البرازيل",
      "بروناي",
      "بلغاريا",
      "بوركينا فاسو",
      "بوروندي",
      "كمبوديا",
      "الكاميرون",
      "كندا",
      "الرأس الأخضر",
      "جمهورية أفريقيا الوسطى",
      "تشاد",
      "تشيلي",
      "الصين",
      "كولومبيا",
      "جزر القمر",
      "الكونغو",
      "الكونغو الديمقراطية",
      "كوستاريكا",
      "كرواتيا",
      "كوبا",
      "قبرص",
      "التشيك",
      "الدنمارك",
      "جيبوتي",
      "دومينيكا",
      "جمهورية الدومينيكان",
      "تيمور الشرقية",
      "الإكوادور",
      "مصر",
      "السلفادور",
      "غينيا الاستوائية",
      "إريتريا",
      "إستونيا",
      "إسواتيني",
      "إثيوبيا",
      "فيجي",
      "فنلندا",
      "فرنسا",
      "الغابون",
      "غامبيا",
      "جورجيا",
      "ألمانيا",
      "غانا",
      "اليونان",
      "غرينادا",
      "غواتيمالا",
      "غينيا",
      "غينيا بيساو",
      "غيانا",
      "هايتي",
      "هندوراس",
      "المجر",
      "آيسلندا",
      "الهند",
      "إندونيسيا",
      "إيران",
      "العراق",
      "إيرلندا",
      "إيطاليا",
      "ساحل العاج",
      "جامايكا",
      "اليابان",
      "الأردن",
      "كازاخستان",
      "كينيا",
      "كيريباتي",
      "كوريا الشمالية",
      "كوريا الجنوبية",
      "الكويت",
      "قرغيزستان",
      "لاوس",
      "لاتفيا",
      "لبنان",
      "ليسوتو",
      "ليبيريا",
      "ليبيا",
      "ليختنشتاين",
      "ليتوانيا",
      "لوكسمبورغ",
      "مدغشقر",
      "مالاوي",
      "ماليزيا",
      "جزر المالديف",
      "مالي",
      "مالطا",
      "جزر مارشال",
      "موريتانيا",
      "موريشيوس",
      "المكسيك",
      "ميكرونيزيا",
      "مولدوفا",
      "موناكو",
      "منغوليا",
      "الجبل الأسود",
      "المغرب",
      "موزمبيق",
      "ميانمار",
      "ناميبيا",
      "ناورو",
      "نيبال",
      "هولندا",
      "نيوزيلندا",
      "نيكاراغوا",
      "النيجر",
      "نيجيريا",
      "مقدونيا الشمالية",
      "النرويج",
      "عمان",
      "باكستان",
      "بالاو",
      "بنما",
      "بابوا غينيا الجديدة",
      "باراغواي",
      "بيرو",
      "الفلبين",
      "بولندا",
      "البرتغال",
      "قطر",
      "رومانيا",
      "روسيا",
      "رواندا",
      "سانت كيتس ونيفيس",
      "سانت لوسيا",
      "سانت فنسنت والغرينادين",
      "ساموا",
      "سان مارينو",
      "ساو تومي وبرينسيب",
      "السعودية",
      "السنغال",
      "صربيا",
      "سيشيل",
      "سيراليون",
      "سنغافورة",
      "سلوفاكيا",
      "سلوفينيا",
      "جزر سليمان",
      "الصومال",
      "جنوب أفريقيا",
      "إسبانيا",
      "سريلانكا",
      "السودان",
      "سورينام",
      "السويد",
      "سويسرا",
      "سوريا",
      "تايوان",
      "طاجيكستان",
      "تنزانيا",
      "تايلاند",
      "توغو",
      "تونغا",
      "ترينيداد وتوباغو",
      "تونس",
      "تركيا",
      "تركمانستان",
      "توفالو",
      "أوغندا",
      "أوكرانيا",
      "الإمارات العربية المتحدة",
      "المملكة المتحدة",
      "الولايات المتحدة الأمريكية",
      "أوروغواي",
      "أوزبكستان",
      "فانواتو",
      "فنزويلا",
      "فيتنام",
      "اليمن",
      "زامبيا",
      "زيمبابوي"
    ]
  },
  "continent": [
    "افريقيا",
    "أمريكا الشمالية",
    "أمريكا الجنوبية",
    "القطب الجنوبي",
    "اسيا",
    "اوروبا",
    "أوقيانوسيا"
  ],
  "state": {
    "abbr": [
      "01",
      "02",
      "03",
      "04",
      "05",
      "06"
    ],
    "name": [
      "الأحمدي",
      "الجهراء",
      "العاصمة",
      "الفروانية",
      "حولي",
      "مبارك الكبير"
    ]
  },
  "street": {
    "suffix": [
      "شارع",
      "نهج",
      "ساحة"
    ],
    "name": [
      "أبو حليفة",
      "أبو فطيرة",
      "أم الهيمان",
      "أمغرة",
      "ابن خلدون",
      "الأحمدي",
      "الجابرية",
      "الجزائر",
      "الجهراء",
      "الخالدية",
      "الخفجي",
      "الخليج",
      "الدسمة",
      "الدعية",
      "الرابية",
      "الرحاب",
      "الرقة",
      "الرقعي",
      "الرميثية",
      "الروضة",
      "الزهراء",
      "السالمية",
      "السرة",
      "السلام",
      "الشعب",
      "الصباحية",
      "الصليبخات",
      "الصليبية",
      "الظهر",
      "العبدلي",
      "العدان",
      "العديلية",
      "العقيلة",
      "العمرية",
      "العيون",
      "الفحيحيل",
      "الفردوس",
      "الفروانية",
      "الفنيطيس",
      "الفيحاء",
      "القادسية",
      "القرين",
      "القيروان",
      "الكويت",
      "المباركية",
      "المثنى",
      "المرقاب",
      "المسايل",
      "المنصورية",
      "المنقف",
      "المهبولة",
      "النزهة",
      "النسيم",
      "النهضة",
      "الهدية",
      "الواحة",
      "الوفرة",
      "اليرموك",
      "بغداد",
      "بنيد القار",
      "بيروت",
      "جابر الأحمد",
      "جليب الشيوخ",
      "حمد المبارك",
      "دمشق",
      "سعد العبدالله",
      "شرق",
      "صباح الأحمد",
      "صباح الناصر",
      "صنعاء",
      "ضاحية صباح السالم",
      "عبدالله السالم",
      "عبدالله المبارك",
      "عقبة بن نافع",
      "غرناطة",
      "فهد الأحمد",
      "كيفان",
      "مرزوق المتعب",
      "مشرف",
      "هدية"
    ]
  },
  "postal_code_fmt": "#####"
}
