{
  "company": {
    "name": [

    "مجموعة صناعات الغانم",
    "شركة زين للاتصالات",
    "شركة الوطنية للاتصالات (Ooredoo)",
    "شركة الكويتية للاستثمار",
    "شركة المباني",
    "شركة القرين لصناعة الكيماويات البترولية",
    "شركة البترول الوطنية الكويتية",
    "شركة الكويت للتأمين",
    "شركة مجموعة كيبكو (KIPCO)",
    "شركة الوطنية العقارية",
    "شركة أجوان الخليج العقارية",
    "شركة الساير القابضة",
    "شركة نقل وتجارة المواشي",
    "شركة عقارات الكويت",
    "شركة المركز المالي الكويتي (المركز)",
    "شركة صناعات الكيماويات البترولية",
    "شركة أجيليتي للمخازن العمومية",
    "شركة المشاريع المتحدة للخدمات الجوية (يوباك)",
    "شركة الخليج للكابلات والصناعات الكهربائية",
    "شركة الوطنية للطيران"
    ],
    "type": {
      "abbr": [
        "شركة ذات مسؤولية محدودة",
        "شركة مساهمة عامة",
        "شركة مساهمة مقفلة",
        "شركة تضامنية",
        "شركة توصية بسيطة",
        "شركة فردية",
        "شركة أجنبية",
        "شركة مختلطة",
        "شركة قابضة",
        "شركة محاصة"
      ],
      "title": [
        "شركة ذات مسؤولية محدودة",
        "شركة مساهمة عامة",
        "شركة مساهمة مقفلة",
        "شركة تضامنية",
        "شركة توصية بسيطة",
        "شركة فردية",
        "شركة أجنبية",
        "شركة مختلطة",
        "شركة قابضة",
        "شركة محاصة"
      ]
    }
  },
  "currency-code": "د.ك.",
  "price-format": "####;##",
  "numeric-decimal": ".",
  "numeric-thousands": ",",
  "numeric-frac-digits": 2
}
