{
  "dishes": [
  "أم علي",
  "بابا غنوج",
  "باذنجان مقلي",
  "بامية",
  "بامية باللحم",
  "برغل بالخضار",
  "برغل باللحم",
  "برياني دجاج",
  "برياني لحم",
  "بسبوسة",
  "بطاطا حارة",
  "بطاطا مهروسة",
  "بقلاوة",
  "بلاليط",
  "تبولة",
  "تشريبة",
  "تشيز كيك",
  "جبن كويتي",
  "جريش",
  "حمسة دجاج",
  "حمسة لحم",
  "حمص بالطحينة",
  "حميس",
  "خبز إيراني",
  "خبز عربي",
  "خبز محلى",
  "رقاق",
  "زلابية",
  "سباغيتي",
  "سمك مشوي",
  "سمك مقلي",
  "سويتش رول",
  "شاورما",
  "صالونة دجاج",
  "صالونة لحم",
  "عرايس",
  "عيش الحساوي",
  "عيش بالبصل",
  "عيش بالخضار",
  "عيش بالزعفران",
  "عيش بالشعيرية",
  "عيش باللبن",
  "عيش كويتي",
  "عيش مرقوق",
  "غريبة",
  "فتة",
  "فتة حمص",
  "فتوش",
  "فطائر جبن",
  "فطائر سبانخ",
  "فلافل",
  "قرص عقيلي",
  "قرنقعوه",
  "قشطة",
  "كباب كويتي",
  "كبة نية",
  "كبدة كويتية",
  "كبدة مقلية",
  "كبسة",
  "كنافة",
  "كوسة باللبن",
  "كيك الجزر",
  "كيك الشوكولاتة",
  "كيك الفانيليا",
  "لبنة",
  "لحم بالكرز",
  "لزانيا",
  "مجاليس",
  "مجبوس خضار",
  "مجبوس دجاج",
  "مجبوس روبيان",
  "مجبوس سمك",
  "مجبوس لحم",
  "مجدرة",
  "محروق صبعه",
  "محشي باذنجان",
  "محشي فلفل",
  "محشي كوسة",
  "مربين روبيان",
  "مربين سمك",
  "مرق شبزي",
  "مرقوقة",
  "مشاوي دجاج",
  "مشاوي كويتية",
  "مشاوي لحم",
  "مشبك",
  "مشبوس",
  "مشخول",
  "مطبق زبيدي",
  "مطعم مجبوس",
  "مقالي كويتي",
  "مقلوبة",
  "مكبوس",
  "ملوخية",
  "مموش",
  "مندي دجاج",
  "مندي لحم",
  "مهلبية",
  "هريس",
  "هريسة",
  "ورق عنب"
  ],
  "drinks": [
  "إسبرسو",
  "بيبسي",
  "تانج",
  "تمر هندي",
  "جلاب",
  "حليب بالزعفران",
  "حليب بالزنجبيل",
  "حليب بالشوكولاتة",
  "حليب بالهيل",
  "خروب",
  "ريد بول",
  "سبرايت",
  "سبورتس درينك",
  "سحلب",
  "سموثي فراولة",
  "سموثي مانجو",
  "سموثي موز",
  "سوبيا",
  "شاي بالحليب",
  "شاي بالزعفران",
  "شاي بالنعناع",
  "شاي بالهيل",
  "شاي كويتي",
  "صودا",
  "عرقسوس",
  "عصير أناناس",
  "عصير الجزر",
  "عصير الرمان",
  "عصير برتقال",
  "عصير بطيخ",
  "عصير تفاح",
  "عصير توت",
  "عصير جوافة",
  "عصير رمان",
  "عصير شمام",
  "عصير فراولة",
  "عصير قصب السكر",
  "عصير ليمون بالنعناع",
  "عصير مانجو",
  "عصير مشكل",
  "فيمتو",
  "قمر الدين",
  "قهوة أمريكية",
  "قهوة تركية",
  "قهوة عربية",
  "قهوة كويتية",
  "كابتشينو",
  "كركديه",
  "كوكاكولا",
  "لاتيه",
  "لبن رائب",
  "لبن عيران",
  "لبن مخيض",
  "مشروب الطاقة",
  "مشروبات غازية بنكهات مختلفة",
  "موكا",
  "مياه غازية",
  "مياه معدنية",
  "ميراندا",
  "ميلك شيك",
  "نسكافيه"
],
  "fruits": [
    "تفاح",
    "موز",
    "برتقال",
    "فراولة",
    "أناناس",
    "عنب",
    "كيوي",
    "جوافة",
    "مانجو",
    "رمان",
    "ليمون",
    "تين",
    "خوخ",
    "كمثرى",
    "برقوق",
    "مشمش",
    "تمر",
    "كرز",
    "بطيخ",
    "بابايا",
    "طماطم",
    "أفوكادو",
    "جريب فروت",
    "مانغوستين",
    "التين الشوكي",
    "العنب",
    "الجوافة",
    "البرقوق",
    "الليمون الهندي",
    "المشمش المجفف",
    "التمر الهندي",
    "الفراولة البرية",
    "التوت البري",
    "الكيوي"
  ],
  "spices": [
    "كمون",
    "كزبرة",
    "قرفة",
    "قرنفل",
    "هيل",
    "زعفران",
    "فلفل أسود",
    "فلفل أحمر حار",
    "زنجبيل",
    "سبع بهارات",
    "جوزة الطيب",
    "كركم",
    "بابريكا",
    "العكري",
    "كاري",
    "شمر",
    "ريحان",
    "نعناع",
    "خردل",
    "كراوية",
    "زعتر",
    "شطة",
    "مسحوق الثوم",
    "مسحوق البصل",
    "قشر الليمون المجفف",
    "يانسون",
    "بقدونس مجفف",
    "أوراق الغار",
    "بزار",
    "مسمار",
    "قرفة ناعمة",
    "كزبرة جافة",
    "فلفل أبيض",
    "توابل البحر الأبيض المتوسط",
    "فلفل أسود مجروش",
    "ملح الليمون",
    "توابل تندوري",
    "ليمون مجفف",
    "طرخون",
    "راس الحانوت",
    "كزبرة مطحونة"
  ],
  "vegetables": [
    "جزر",
    "بطاطس",
    "بصل",
    "فلفل",
    "كوسة",
    "باذنجان",
    "قرنبيط",
    "لوبيا خضراء",
    "سبانخ",
    "جرجير",
    "خيار",
    "فجل",
    "شمندر",
    "كرنب",
    "ملفوف",
    "يقطين",
    "لوبيا بيضاء",
    "بروكلي",
    "فطر",
    "ثوم",
    "كرافس",
    "الباذنجان",
    "البطاطا الحلوة",
    "العدس",
    "الخرشوف",
    "البرسيم",
    "اللوبيا السوداء",
    "اللوبيا الحمراء"
  ]
}
