{
  "address_fmt": "{st_num} {st_sfx} {st_name}",
  "city": [
    "مسقط",
    "السيب",
    "صحار",
    "بوشر",
    "نزوى",
    "صلالة",
    "صور",
    "إبراء",
    "مطرح",
    "المعبيلة",
    "العامرات",
    "قريات",
    "السويق",
    "الخابورة",
    "صحم",
    "الخضراء",
    "إزكي",
    "فنجا",
    "الرستاق",
    "العوابي",
    "شناص",
    "لوى",
    "عبري",
    "الحمراء",
    "بهلاء",
    "أدم",
    "هيما",
    "منح",
    "دماء والطائين",
    "سناو",
    "محوت",
    "بركة الموز",
    "الجبل الأخضر",
    "ثمريت",
    "مرباط",
    "ينقل",
    "السنينة",
    "بركا",
    "العذيبة",
    "الموالح"
  ],
  "country": {
    "current_locale": "عمان",
    "name": [
      "أفغانستان",
      "ألبانيا",
      "الجزائر",
      "أندورا",
      "أنغولا",
      "الأرجنتين",
      "أرمينيا",
      "أستراليا",
      "النمسا",
      "أذربيجان",
      "البهاما",
      "البحرين",
      "بنغلاديش",
      "باربادوس",
      "بيلاروسيا",
      "بلجيكا",
      "بليز",
      "بنين",
      "بوتان",
      "بوليفيا",
      "البوسنة والهرسك",
      "بوتسوانا",
      "البرازيل",
      "بروناي",
      "بلغاريا",
      "بوركينا فاسو",
      "بوروندي",
      "كمبوديا",
      "الكاميرون",
      "كندا",
      "الرأس الأخضر",
      "جمهورية أفريقيا الوسطى",
      "تشاد",
      "تشيلي",
      "الصين",
      "كولومبيا",
      "جزر القمر",
      "الكونغو",
      "الكونغو الديمقراطية",
      "كوستاريكا",
      "كرواتيا",
      "كوبا",
      "قبرص",
      "التشيك",
      "الدنمارك",
      "جيبوتي",
      "دومينيكا",
      "جمهورية الدومينيكان",
      "تيمور الشرقية",
      "الإكوادور",
      "مصر",
      "السلفادور",
      "غينيا الاستوائية",
      "إريتريا",
      "إستونيا",
      "إسواتيني",
      "إثيوبيا",
      "فيجي",
      "فنلندا",
      "فرنسا",
      "الغابون",
      "غامبيا",
      "جورجيا",
      "ألمانيا",
      "غانا",
      "اليونان",
      "غرينادا",
      "غواتيمالا",
      "غينيا",
      "غينيا بيساو",
      "غيانا",
      "هايتي",
      "هندوراس",
      "المجر",
      "آيسلندا",
      "الهند",
      "إندونيسيا",
      "إيران",
      "العراق",
      "إيرلندا",
      "إيطاليا",
      "ساحل العاج",
      "جامايكا",
      "اليابان",
      "الأردن",
      "كازاخستان",
      "كينيا",
      "كيريباتي",
      "كوريا الشمالية",
      "كوريا الجنوبية",
      "الكويت",
      "قرغيزستان",
      "لاوس",
      "لاتفيا",
      "لبنان",
      "ليسوتو",
      "ليبيريا",
      "ليبيا",
      "ليختنشتاين",
      "ليتوانيا",
      "لوكسمبورغ",
      "مدغشقر",
      "مالاوي",
      "ماليزيا",
      "جزر المالديف",
      "مالي",
      "مالطا",
      "جزر مارشال",
      "موريتانيا",
      "موريشيوس",
      "المكسيك",
      "ميكرونيزيا",
      "مولدوفا",
      "موناكو",
      "منغوليا",
      "الجبل الأسود",
      "المغرب",
      "موزمبيق",
      "ميانمار",
      "ناميبيا",
      "ناورو",
      "نيبال",
      "هولندا",
      "نيوزيلندا",
      "نيكاراغوا",
      "النيجر",
      "نيجيريا",
      "مقدونيا الشمالية",
      "النرويج",
      "الجزائر",
      "باكستان",
      "بالاو",
      "بنما",
      "بابوا غينيا الجديدة",
      "باراغواي",
      "بيرو",
      "الفلبين",
      "بولندا",
      "البرتغال",
      "قطر",
      "رومانيا",
      "روسيا",
      "رواندا",
      "سانت كيتس ونيفيس",
      "سانت لوسيا",
      "سانت فنسنت والغرينادين",
      "ساموا",
      "سان مارينو",
      "ساو تومي وبرينسيب",
      "السعودية",
      "السنغال",
      "صربيا",
      "سيشيل",
      "سيراليون",
      "سنغافورة",
      "سلوفاكيا",
      "سلوفينيا",
      "جزر سليمان",
      "الصومال",
      "جنوب أفريقيا",
      "إسبانيا",
      "سريلانكا",
      "السودان",
      "سورينام",
      "السويد",
      "سويسرا",
      "سوريا",
      "تايوان",
      "طاجيكستان",
      "تنزانيا",
      "تايلاند",
      "توغو",
      "تونغا",
      "ترينيداد وتوباغو",
      "تونس",
      "تركيا",
      "تركمانستان",
      "توفالو",
      "أوغندا",
      "أوكرانيا",
      "الإمارات العربية المتحدة",
      "المملكة المتحدة",
      "الولايات المتحدة الأمريكية",
      "أوروغواي",
      "أوزبكستان",
      "فانواتو",
      "فنزويلا",
      "فيتنام",
      "اليمن",
      "زامبيا",
      "زيمبابوي"
    ]
  },
  "continent": [
    "افريقيا",
    "أمريكا الشمالية",
    "أمريكا الجنوبية",
    "القطب الجنوبي",
    "اسيا",
    "اوروبا",
    "أوقيانوسيا"
  ],
  "state": {
    "abbr": [
      "01",
      "02",
      "03",
      "04",
      "05",
      "06",
      "07",
      "08",
      "09"
    ],
    "name": [
      "مسقط",
      "ظفار",
      "مسندم",
      "البريمي",
      "الباطنة",
      "الظاهرة",
      "الداخلية",
      "الشرقية",
      "الوسطى"
    ]
  },
  "street": {
    "suffix": [
      "شارع",
      "طريق",
      "سكة"
    ],
    "name": [
      "السلطان قابوس",
      " 18 نوفمبر  ",
      "الوزارات",
      "السلام",
      "الباطنة السريع",
      "مزون",
      "النزهة",
      "الخير",
      "الإعمار",
      "النور",
      "الزلفى",
      "معسكر المرتفعة",
      "جامع الأكبر",
      "23 يوليو",
      "الشاطئ",
      "سيح المالح",
      "قنتب",
      "الجود",
      "الإحسان"
    ]
  },
  "postal_code_fmt": "#####"
}
