{
  "company": {
    "name": [
      "شركة تنمية نفط عمان",
      "عمانتل",
      "أوريدو",
      "الطيران العماني",
      "طيران السلام",
      "شركة أو كيو",
      "شركة أوكسي",
      "شركة دليل للنفط",
      "شركة محمد البرواني",
      "شركة الغالبي",
      "شركة جلفار",
      "شركة بهوان للسياحة",
      "شركة خدمات المواني",
      "بريد عمان",
      "شركة ريسوت للإسمنت",
      "شركة المطاحن العمانية",
      "شركة كابلات عمان",
      "اللولو",
      "مكة للتسوق",
      "الجهراء للتسوق",
      "البادية",
      "الزبير للسيارات"
    ],
    "type": {
      "abbr": [
        "شركة",
        "مؤسسة",
        "صندوق"
      ],
      "title": [
        "شركة",
        "مؤسسة",
        "شركة ذات مسؤولية محدودة (ش م م)",
        "شركة المساهمة عامة",
        "صندوق",
        "شركة توصية",
        "شركة الفرد الواحد",
        "شركة قابضة"
      ]
    }
  },
  "currency-code": "ر.ع.",
  "price-format": "####.##",
  "numeric-decimal": ".",
  "numeric-thousands": ",",
  "numeric-frac-digits": 2
}
