{
  "dishes": [
    "مكبوس",
    "الشواء",
    "الهريس",
    "الثريد",
    "القبولي",
    "السحناة",
    "العرسية"
  ],
  "drinks": [
    "قهوة عربية",
    "شاي",
    "شاي بالنعناع",
    "قهوة تركية",
    "عرقسوس",
    "تمر هندي",
    "قمر الدين",
    "لبن",
    "مشروبات غازية",
    "شاي أخضر",
    "شاي بالأعشاب",
    "شاي بالحليب",
    "قهوة",
    "قهوة بالإسبريسو",
    "شاي المريمية",
    "قهوة بالحليب",
    "شراب التمر الهندي",
    "شراب الكركديه",
    "شاي بالزنجبيل",
    "شاي بالهيل",
    "شاي بالزعتر",
    "شاي بالقرفة",
    "شاي بالكركم",
    "الحلبة",
    "شاي النعناع الطازج",
    "شاي قشور الرمان",
    "عصير الرمان",
    "عصير البرتقال",
    "عصير الليمون",
    "عصير التفاح",
    "عصير الجوافة",
    "عصير المانجو",
    "عصير الأناناس",
    "شربات",
    "عصير البطيخ",
    "عصير التوت",
    "شراب الجرجير",
    "شراب النعناع",
    "الزنجبيل"
  ],
  "fruits": [
    "تفاح",
    "موز",
    "برتقال",
    "فراولة",
    "أناناس",
    "عنب",
    "كيوي",
    "جوافة",
    "مانجو",
    "رمان",
    "ليمون",
    "تين",
    "خوخ",
    "كمثرى",
    "برقوق",
    "مشمش",
    "تمر",
    "كرز",
    "بطيخ",
    "بابايا",
    "طماطم",
    "أفوكادو",
    "جريب فروت",
    "مانغوستين",
    "التين الشوكي",
    "العنب",
    "الجوافة",
    "البرقوق",
    "الليمون الهندي",
    "المشمش المجفف",
    "التمر الهندي",
    "الفراولة البرية",
    "التوت البري",
    "الكيوي"
  ],
  "spices": [
    "كمون",
    "كزبرة",
    "قرفة",
    "قرنفل",
    "هيل",
    "زعفران",
    "فلفل أسود",
    "فلفل أحمر حار",
    "زنجبيل",
    "سبع بهارات",
    "جوزة الطيب",
    "كركم",
    "بابريكا",
    "العكري",
    "كاري",
    "شمر",
    "ريحان",
    "نعناع",
    "خردل",
    "كراوية",
    "زعتر",
    "شطة",
    "مسحوق الثوم",
    "مسحوق البصل",
    "قشر الليمون المجفف",
    "يانسون",
    "بقدونس مجفف",
    "أوراق الغار",
    "بزار",
    "مسمار",
    "قرفة ناعمة",
    "كزبرة جافة",
    "فلفل أبيض",
    "توابل البحر الأبيض المتوسط",
    "فلفل أسود مجروش",
    "ملح الليمون",
    "توابل تندوري",
    "ليمون مجفف",
    "طرخون",
    "راس الحانوت",
    "كزبرة مطحونة"
  ],
  "vegetables": [
    "جزر",
    "بطاطس",
    "بصل",
    "فلفل",
    "كوسة",
    "باذنجان",
    "قرنبيط",
    "لوبيا خضراء",
    "سبانخ",
    "جرجير",
    "خيار",
    "فجل",
    "شمندر",
    "كرنب",
    "ملفوف",
    "يقطين",
    "لوبيا بيضاء",
    "بروكلي",
    "فطر",
    "ثوم",
    "كرافس",
    "الباذنجان",
    "البطاطا الحلوة",
    "العدس",
    "الخرشوف",
    "البرسيم",
    "اللوبيا السوداء",
    "اللوبيا الحمراء"
  ]
}
