{
  "address_fmt": "{st_num} {st_sfx} {st_name}",
  "city": [
    "ادلب",
    "أريحا",
    "ازرع",
    "أعزاز",
    "الأتارب",
    "الباب",
    "البوكمال",
    "التل",
    "الثورة",
    "الحجر الأسود",
    "الحسكة",
    "الحفة",
    "الرستن",
    "الرقة",
    "الزبداني",
    "السفيرة",
    "السقيلبية",
    "السويداء",
    "السيدة زينب",
    "الشيخ بدر",
    "الصنمين",
    "القامشلي",
    "القرداحة",
    "القصير",
    "القطيفة",
    "القنيطرة",
    "اللاذقية",
    "المالكية",
    "المخرم",
    "الميادين",
    "النبك",
    "بانياس",
    "بصرى",
    "بنش",
    "تدمر",
    "تل أبيض",
    "تلبيسة",
    "تلدو",
    "تلكلخ",
    "جبلة",
    "جرابلس",
    "جرمانا",
    "جسر الشغور",
    "حارم",
    "حرستا",
    "حلب",
    "حماة",
    "حمص",
    "خان شيخون",
    "داريا",
    "درعا",
    "دريكيش",
    "دمشق",
    "دوما",
    "دير الزور",
    "دير حافر",
    "دير عطية",
    "رأس العين",
    "سراقب",
    "سلقين",
    "سلمية",
    "صافيتا",
    "صلخد",
    "طرطوس",
    "عفرين",
    "عين العرب",
    "فيق",
    "قدسيا",
    "قطنا",
    "كفر تخاريم",
    "كفر نبل",
    "محردة",
    "مصياف",
    "معرة النعمان",
    "معرتمصرين",
    "منبج",
    "نوى",
    "يبرود"
  ],
  "country": {
    "current_locale": "سوريا",
    "name": [
      "أفغانستان",
      "ألبانيا",
      "الجزائر",
      "أندورا",
      "أنغولا",
      "الأرجنتين",
      "أرمينيا",
      "أستراليا",
      "النمسا",
      "أذربيجان",
      "البهاما",
      "البحرين",
      "بنغلاديش",
      "باربادوس",
      "بيلاروسيا",
      "بلجيكا",
      "بليز",
      "بنين",
      "بوتان",
      "بوليفيا",
      "البوسنة والهرسك",
      "بوتسوانا",
      "البرازيل",
      "بروناي",
      "بلغاريا",
      "بوركينا فاسو",
      "بوروندي",
      "كمبوديا",
      "الكاميرون",
      "كندا",
      "الرأس الأخضر",
      "جمهورية أفريقيا الوسطى",
      "تشاد",
      "تشيلي",
      "الصين",
      "كولومبيا",
      "جزر القمر",
      "الكونغو",
      "الكونغو الديمقراطية",
      "كوستاريكا",
      "كرواتيا",
      "كوبا",
      "قبرص",
      "التشيك",
      "الدنمارك",
      "جيبوتي",
      "دومينيكا",
      "جمهورية الدومينيكان",
      "تيمور الشرقية",
      "الإكوادور",
      "مصر",
      "السلفادور",
      "غينيا الاستوائية",
      "إريتريا",
      "إستونيا",
      "إسواتيني",
      "إثيوبيا",
      "فيجي",
      "فنلندا",
      "فرنسا",
      "الغابون",
      "غامبيا",
      "جورجيا",
      "ألمانيا",
      "غانا",
      "اليونان",
      "غرينادا",
      "غواتيمالا",
      "غينيا",
      "غينيا بيساو",
      "غيانا",
      "هايتي",
      "هندوراس",
      "المجر",
      "آيسلندا",
      "الهند",
      "إندونيسيا",
      "إيران",
      "العراق",
      "إيرلندا",
      "إيطاليا",
      "ساحل العاج",
      "جامايكا",
      "اليابان",
      "الأردن",
      "كازاخستان",
      "كينيا",
      "كيريباتي",
      "كوريا الشمالية",
      "كوريا الجنوبية",
      "الكويت",
      "قرغيزستان",
      "لاوس",
      "لاتفيا",
      "لبنان",
      "ليسوتو",
      "ليبيريا",
      "ليبيا",
      "ليختنشتاين",
      "ليتوانيا",
      "لوكسمبورغ",
      "مدغشقر",
      "مالاوي",
      "ماليزيا",
      "جزر المالديف",
      "مالي",
      "مالطا",
      "جزر مارشال",
      "موريتانيا",
      "موريشيوس",
      "المكسيك",
      "ميكرونيزيا",
      "مولدوفا",
      "موناكو",
      "منغوليا",
      "الجبل الأسود",
      "المغرب",
      "موزمبيق",
      "ميانمار",
      "ناميبيا",
      "ناورو",
      "نيبال",
      "هولندا",
      "نيوزيلندا",
      "نيكاراغوا",
      "النيجر",
      "نيجيريا",
      "مقدونيا الشمالية",
      "النرويج",
      "عمان",
      "باكستان",
      "بالاو",
      "بنما",
      "بابوا غينيا الجديدة",
      "باراغواي",
      "بيرو",
      "الفلبين",
      "بولندا",
      "البرتغال",
      "قطر",
      "رومانيا",
      "روسيا",
      "رواندا",
      "سانت كيتس ونيفيس",
      "سانت لوسيا",
      "سانت فنسنت والغرينادين",
      "ساموا",
      "سان مارينو",
      "ساو تومي وبرينسيب",
      "السعودية",
      "السنغال",
      "صربيا",
      "سيشيل",
      "سيراليون",
      "سنغافورة",
      "سلوفاكيا",
      "سلوفينيا",
      "جزر سليمان",
      "الصومال",
      "جنوب أفريقيا",
      "إسبانيا",
      "سريلانكا",
      "السودان",
      "سورينام",
      "السويد",
      "سويسرا",
      "سوريا",
      "تايوان",
      "طاجيكستان",
      "تنزانيا",
      "تايلاند",
      "توغو",
      "تونغا",
      "ترينيداد وتوباغو",
      "تونس",
      "تركيا",
      "تركمانستان",
      "توفالو",
      "أوغندا",
      "أوكرانيا",
      "الإمارات العربية المتحدة",
      "المملكة المتحدة",
      "الولايات المتحدة الأمريكية",
      "أوروغواي",
      "أوزبكستان",
      "فانواتو",
      "فنزويلا",
      "فيتنام",
      "اليمن",
      "زامبيا",
      "زيمبابوي"
    ]
  },
  "continent": [
    "افريقيا",
    "أمريكا الشمالية",
    "أمريكا الجنوبية",
    "القطب الجنوبي",
    "اسيا",
    "اوروبا",
    "أوقيانوسيا"
  ],
  "state": {
    "abbr": [
      "1",
      "2",
      "3",
      "4",
      "5",
      "6",
      "7",
      "8",
      "9",
      "10",
      "11",
      "12",
      "13",
      "14"
    ],
    "name": [
      "درعا",
      "دير الزور",
      "حلب",
      "حماة",
      "الحسكة",
      "حمص",
      "ادلب",
      "القنيطرة",
      "اللاذقية",
      "الرقة",
      "ريف دمشق",
      "السويداء",
      "دمشق",
      "طرطوس"
    ]
  },
  "street": {
    "suffix": [
      "شارع",
      "طريق",
      "نهج",
      "حديقة",
      "ساحة",
      "حظيرة",
      "معبر",
      "مقطع"
    ],
    "name": [
      "ابن خلدون",
      "ابن عساكر",
      "الآداب",
      "الأدباء",
      "الأردن",
      "الأسد",
      "الأمل",
      "الأمويين",
      "الأمير عبد القادر",
      "الأندلس",
      "الأهرام",
      "الإذاعة",
      "الاستقلال",
      "البياضة",
      "التحرير",
      "الثورة",
      "الجلاء",
      "الحسكة",
      "الحمراء",
      "الحميدية",
      "الدويلة",
      "الزبداني",
      "السلام",
      "السيدة زينب",
      "الشام",
      "الشهداء",
      "العباسيين",
      "الفتح",
      "الفداء",
      "الفرات",
      "الفردوس",
      "القابون",
      "القصر",
      "القصير",
      "القطن",
      "المتحف",
      "المدينة الجامعية",
      "المرابطين",
      "المرجة",
      "المنظر الجميل",
      "الموحدين",
      "الناصر",
      "النصر",
      "الوحدة",
      "اليرموك",
      "بغداد",
      "تيسير",
      "حي الأكراد",
      "حي الأمين",
      "حي الإسماعيلية",
      "حي البرامكة",
      "حي الجسر الأبيض",
      "حي الخضر",
      "حي الشاغور",
      "حي الشريبات",
      "حي الشريعة",
      "حي الشعلان",
      "حي الصالحية",
      "حي الصبورة",
      "حي العز",
      "حي العزيزية",
      "حي العفيف",
      "حي القدم",
      "حي القصاع",
      "حي القصر العدلي",
      "حي المهاجرين",
      "حي الميدان",
      "حي النصر",
      "حي باب السباع",
      "حي باب توما",
      "حي برزة",
      "خالد بن الوليد",
      "دمشق",
      "ركن الدين",
      "زين العابدين",
      "عبد الرحمن الشهبندر",
      "فلسطين",
      "قاسيون"
    ]
  },
  "postal_code_fmt": "#####"
}
