{
  "banks": [
    "مصرف سورية المركزي",
    "المصرف التجاري السوري",
    "المصرف الصناعي",
    "المصرف الزراعي التعاوني",
    "مصرف التسليف الشعبي",
    "المصرف العقاري",
    "مصرف التوفير",
    "بنك سورية والمهجر",
    "بنك بيمو السعودي الفرنسي",
    "بنك بيبلوس",
    "بنك سورية والخليج",
    "المصرف الدولي للتجارة والتمويل",
    "البنك العربي",
    "بنك قطر الوطني",
    "بنك الشرق",
    "بنك الائتمان الأهلي",
    "بنك الأردن - سورية",
    "بنك سورية الدولي الإسلامي",
    "بنك الشام",
    "بنك البركة",
    "البنك الوطني الإسلامي"
  ],
 "company": {
    "name":  [
    "شركة سيريتل",
    "شركة MTN سوريا",
    "شركة أسمنت البادية",
    "شركة أسمنت حمص",
    "شركة سورية للشبكات",
    "شركة النصر للصناعات الكيميائية",
    "شركة المشرق للصناعات الغذائية",
    "شركة المنصور للصناعات الدوائية",
    "شركة تنمية للاتصالات",
    "شركة الكوزمو للإنشاءات",
    "شركة دمشق الشام",
    "شركة الشرق الأوسط للصناعات الهندسية",
    "شركة الوطنية للصناعات الغذائية",
    "شركة فرست تكنولوجي",
    "شركة الماز للتجارة",
    "شركة الوطنية للطباعة",
    "شركة الشام للبناء",
    "شركة لؤلؤة دمشق",
    "شركة الشرق للصناعات المعدنية",
    "شركة الإتحاد الصناعي",
    "شركة البرج للتجارة",
    "شركة الديار",
    "شركة الرفاعي للصناعات الغذائية",
    "شركة الأمل للإلكترونيات",
    "شركة الوطنية للبترول",
    "شركة الشرق الأوسط للاستثمار",
    "شركة البادية للتنمية",
    "شركة الشام للطاقة",
    "شركة الهادي للتكنولوجيا",
    "شركة الحياة للتجارة",
    "شركة الأمل للصناعات الدوائية",
    "شركة الميدان للمقاولات",
    "شركة بيروت للإنشاءات",
    "شركة الأقصى للتجارة",
    "شركة الأمل للاتصالات",
    "شركة التطوير العقاري",
    "شركة الوداد للتجهيزات",
    "شركة الزهراء للبناء",
    "شركة النصر للبرمجيات",
    "شركة الأقصى للبترول",
    "شركة الأنوار للمعدات",
    "شركة الأمان للصناعات",
    "شركة النجم للتجارة",
    "شركة الوسام للإنشاءات",
    "شركة الأفق للتكنولوجيا",
    "شركة النيل للمواد الغذائية",
    "شركة التجهيزات الصناعية",
    "شركة الفجر للصناعات الغذائية",
    "شركة الرحاب للتجارة",
    "شركة النجاح للصناعات الدوائية",
    "شركة النصر للإنشاءات",
    "شركة الشرق للبناء",
    "شركة الأبطال للتجارة"
      ],
    "type": {
      "abbr": [
   "شركة مساهمة عامة",
    "شركة مساهمة خاصة",
    "شركة ذات مسؤولية محدودة",
    "شركة تضامن",
    "شركة توصية بسيطة",
    "شركة فردية",
    "شركة تعاونية",
    "شركة قابضة",
    "شركة خاصة",
    "شركة فرعية",
    "شركة محاصة",
    "شركة ذات مسؤولية محدودة ومساهمة",
    "شركة مشتركة",
    "شركة استثمار",
    "شركة تطوير",
    "شركة تصدير واستيراد",
    "شركة مقاولات",
    "شركة تجارية",
    "شركة صناعية",
    "شركة خدمات"
      ],
      "title": [
    "شركة مساهمة عامة",
    "شركة مساهمة خاصة",
    "شركة ذات مسؤولية محدودة",
    "شركة تضامن",
    "شركة توصية بسيطة",
    "شركة فردية",
    "شركة تعاونية",
    "شركة قابضة",
    "شركة خاصة",
    "شركة فرعية",
    "شركة محاصة",
    "شركة ذات مسؤولية محدودة ومساهمة",
    "شركة مشتركة",
    "شركة استثمار",
    "شركة تطوير",
    "شركة تصدير واستيراد",
    "شركة مقاولات",
    "شركة تجارية",
    "شركة صناعية",
    "شركة خدمات"
  ]
    }
  },

  "currency-code": "SYP"
}
