{
  "dishes": [
    "الأرز البخاري",
    "الأرز مع الدجاج",
    "الباستا",
    "البرجر",
    "البرغل",
    "البرك",
    "البرياني",
    "البيتزا",
    "البيتزا السورية",
    "التبولة",
    "التحلية",
    "الجنجر كيك",
    "الحلوم",
    "الحلويات الشرقية",
    "الحمص",
    "الحمص بالطحينية",
    "الحنيذ",
    "السلطة الخضراء",
    "السلطة العربية",
    "السلطة المشروم",
    "السلطة المكسيكية",
    "السلطة اليونانية",
    "السمبوسة",
    "السمك المشوي",
    "السمك المقلي",
    "الشاورما",
    "الشاورما السورية",
    "الشاورما باللحمة",
    "الشوربة",
    "الشيش برك",
    "الشيش طاووق",
    "الطاجين",
    "الطعام الهندي",
    "العيش",
    "الفتة",
    "الفتوش",
    "الفطائر",
    "الفلافل",
    "القدسية",
    "القطايف",
    "الكباب",
    "الكبسة",
    "الكفتة",
    "الكيك",
    "الكُنافة",
    "الكُنافة النابلسية",
    "اللازانيا",
    "اللقيمات",
    "المتبل",
    "المجدرة",
    "المحشي",
    "المحمرة",
    "المرقوق",
    "المسبحة",
    "المسخن",
    "المشبك",
    "المشروبات الطبيعية",
    "المشوي",
    "المشويات",
    "المقالي",
    "المقبلات السورية",
    "المقلوبة",
    "المقلوبة اللبنانية",
    "المندي",
    "المنسف"
  ],
  "drinks": [
    "الإسبريسو",
    "التمر هندي",
    "الجلاب",
    "الحليب الدافئ",
    "الحليب بالشوكولاتة",
    "الحليب بالعسل",
    "الخروب",
    "الزهورات الدمشقية",
    "السانجريا",
    "السحلب",
    "السوس",
    "الشاي الأخضر",
    "الشاي الأسود",
    "الشاي بالنعناع",
    "الشنينة",
    "العرقسوس",
    "العصير الأخضر",
    "القداحة",
    "القهوة التركية",
    "القهوة العربية",
    "القهوة الفرنسية",
    "القهوة المثلجة",
    "القهوة المرة",
    "القهوة بالهيل",
    "الكابتشينو",
    "الكافيه لاتيه",
    "الكاكاو الساخن",
    "الكاكاو بالحليب",
    "الكوكتيلات الطبيعية",
    "اللبن",
    "الليمونادة",
    "الماء الفوار",
    "الماء المعدني",
    "المتة",
    "المشروبات الغازية",
    "النسكافيه",
    "النعناع بالليمون",
    "سموزي الفواكه",
    "شاي البابونج",
    "شاي الزنجبيل",
    "شاي الزهورات",
    "شاي القرفة",
    "شاي الميرمية",
    "شاي اليانسون",
    "عصير الأفوكادو",
    "عصير الأناناس",
    "عصير البرتقال",
    "عصير البرتقال بالجزر",
    "عصير التفاح",
    "عصير التوت",
    "عصير الجريب فروت",
    "عصير الجزر",
    "عصير الجوافة",
    "عصير الخوخ",
    "عصير الرمان",
    "عصير الشمندر",
    "عصير العنب",
    "عصير الفراولة",
    "عصير الكيوي",
    "عصير الليمون",
    "عصير المانجو",
    "عصير المشمش",
    "كوكتيل الفواكه",
    "لبن العيران",
    "ماء الورد",
    "مشروبات الطاقة",
    "ميلك شيك"
  ],
  "fruits": [
    "تفاح",
    "موز",
    "برتقال",
    "فراولة",
    "أناناس",
    "عنب",
    "كيوي",
    "جوافة",
    "مانجو",
    "رمان",
    "ليمون",
    "تين",
    "خوخ",
    "كمثرى",
    "برقوق",
    "مشمش",
    "تمر",
    "كرز",
    "بطيخ",
    "بابايا",
    "طماطم",
    "أفوكادو",
    "جريب فروت",
    "مانغوستين",
    "التين الشوكي",
    "العنب",
    "الجوافة",
    "البرقوق",
    "الليمون الهندي",
    "المشمش المجفف",
    "التمر الهندي",
    "الفراولة البرية",
    "التوت البري",
    "الكيوي"
  ],
  "spices": [
    "كمون",
    "كزبرة",
    "قرفة",
    "قرنفل",
    "هيل",
    "زعفران",
    "فلفل أسود",
    "فلفل أحمر حار",
    "زنجبيل",
    "سبع بهارات",
    "جوزة الطيب",
    "كركم",
    "بابريكا",
    "العكري",
    "كاري",
    "شمر",
    "ريحان",
    "نعناع",
    "خردل",
    "كراوية",
    "زعتر",
    "شطة",
    "مسحوق الثوم",
    "مسحوق البصل",
    "قشر الليمون المجفف",
    "يانسون",
    "بقدونس مجفف",
    "أوراق الغار",
    "بزار",
    "مسمار",
    "قرفة ناعمة",
    "كزبرة جافة",
    "فلفل أبيض",
    "توابل البحر الأبيض المتوسط",
    "فلفل أسود مجروش",
    "ملح الليمون",
    "توابل تندوري",
    "ليمون مجفف",
    "طرخون",
    "راس الحانوت",
    "كزبرة مطحونة"
  ],
  "vegetables": [
    "جزر",
    "بطاطس",
    "بصل",
    "فلفل",
    "كوسة",
    "باذنجان",
    "قرنبيط",
    "لوبيا خضراء",
    "سبانخ",
    "جرجير",
    "خيار",
    "فجل",
    "شمندر",
    "كرنب",
    "ملفوف",
    "يقطين",
    "لوبيا بيضاء",
    "بروكلي",
    "فطر",
    "ثوم",
    "كرافس",
    "الباذنجان",
    "البطاطا الحلوة",
    "العدس",
    "الخرشوف",
    "البرسيم",
    "اللوبيا السوداء",
    "اللوبيا الحمراء"
  ]
}
