{
  "academic_degree": [
    "Bakalář",
    "Bakalář umění",
    "Docent",
    "Doktor",
    "Doktor farmacie",
    "Doktor filozofie",
    "Doktor medicíny",
    "Doktor práv",
    "Doktor přírodních věd",
    "Doktor teologie",
    "Doktor teologie",
    "Doktor veterinární medicíny",
    "Doktor věd",
    "Inženýr",
    "Inženýr architekt",
    "Kandidát věd",
    "Licenciát teologie",
    "Magistr",
    "Magistr umění",
    "Profesor"
  ],
  "gender": [
    "Feminine",
    "Masculine",
    "Neuter"
  ],
  "language": [
    "Aghem",
    "Akoose",
    "Angika",
    "Asu",
    "Atsam",
    "Bafia",
    "Bafut",
    "Bamun",
    "Basa",
    "Bedža",
    "Bena",
    "Bini",
    "Bulu",
    "Caddo",
    "Dazaga",
    "Djula",
    "Dogrib",
    "Dzongkä",
    "Ekajuk",
    "Embu",
    "Ewondo",
    "Fang",
    "Frafra",
    "Gayo",
    "Gbaja",
    "Geez",
    "Grebo",
    "Gusii",
    "Hupa",
    "Ibibio",
    "Ido",
    "Irština",
    "Jidiš",
    "Jju",
    "Kako",
    "Kanuri",
    "Kawi",
    "Khásí",
    "Kiga",
    "Kičé",
    "Kom",
    "Koro",
    "Kotava",
    "Kpelle",
    "Krio",
    "Kwasio",
    "Langi",
    "Latina",
    "Lojban",
    "Luhja",
    "Maba",
    "Mafa",
    "Mandar",
    "Mašame",
    "Mende",
    "Meru",
    "Meta’",
    "Micmac",
    "Mosi",
    "Myene",
    "Ngomba",
    "Nias",
    "Novial",
    "Nzima",
    "Němčina",
    "N’ko",
    "Osage",
    "Pálí",
    "Rombo",
    "Root",
    "Ruština",
    "Rwa",
    "Saho",
    "Sanskrt",
    "Sena",
    "Seneca",
    "Sidamo",
    "Sukuma",
    "Susu",
    "Tagalog",
    "Taita",
    "Taroko",
    "Temne",
    "Tereno",
    "Teso",
    "Tsonga",
    "Twi",
    "Tyap",
    "Vai",
    "Venda",
    "Volapük",
    "Vunjo",
    "Yemba",
    "Zaza",
    "Zenaga",
    "Čamoro",
    "Čeština",
    "Čibča",
    "Řečtina"
  ],
  "names": {
    "female": [
      "Aba",
      "Abigail",
      "Ada",
      "Adalberta",
      "Adelaida",
      "Adina",
      "Adolfa",
      "Adolfína",
      "Adriana",
      "Adriena",
      "Adriána",
      "Adéla",
      "Afra",
      "Aglaja",
      "Agáta",
      "Aida",
      "Aimée",
      "Aisha",
      "Aisling",
      "Alaia",
      "Alana",
      "Alannah",
      "Albena",
      "Alberta",
      "Albertina",
      "Albertýna",
      "Albína",
      "Alena",
      "Alexandra",
      "Alexia",
      "Aleška",
      "Alfréda",
      "Alice",
      "Alida",
      "Alina",
      "Alma",
      "Aloisie",
      "Alojzije",
      "Alruna",
      "Alžběta",
      "Amaia",
      "Amanda",
      "Amálie",
      "Amáta",
      "Amélie",
      "Anabela",
      "Anastázie",
      "Anatolie",
      "Anatázie",
      "Anatólie",
      "Andrea",
      "Anděla",
      "Andělína",
      "Aneta",
      "Anežka",
      "Angela",
      "Angelika",
      "Anita",
      "Anja",
      "Anna",
      "Annika",
      "Anselma",
      "Antonie",
      "Aoife",
      "Apolena",
      "Arabela",
      "Aranka",
      "Areta",
      "Ariadna",
      "Ariana",
      "Ariela",
      "Arleta",
      "Armida",
      "Arna",
      "Arnolda",
      "Arnoštka",
      "Astrid",
      "Astrida",
      "Atanázie",
      "Augusta",
      "Augustina",
      "Augustýna",
      "Aura",
      "Aurora",
      "Aurélie",
      "Ava",
      "Avital",
      "Aya",
      "Babeta",
      "Barbara",
      "Barbora",
      "Beatrice",
      "Bedřiška",
      "Bela",
      "Belinda",
      "Benedikta",
      "Berenika",
      "Berit",
      "Bernadeta",
      "Bernarda",
      "Berta",
      "Bertolda",
      "Betty",
      "Beáta",
      "Bianka",
      "Bibiana",
      "Birgit",
      "Birgita",
      "Blahomila",
      "Blahomíra",
      "Blahoslava",
      "Blanka",
      "Blažena",
      "Bohdana",
      "Bohumila",
      "Bohumíra",
      "Bohuna",
      "Bohuslava",
      "Bohuše",
      "Bojana",
      "Bojislava",
      "Boleslava",
      "Borislava",
      "Bořislava",
      "Božena",
      "Božetěcha",
      "Božidara",
      "Branimíra",
      "Branislava",
      "Branwen",
      "Bratislava",
      "Brenda",
      "Brigita",
      "Brita",
      "Bronislava",
      "Bruna",
      "Brunhilda",
      "Bébinn",
      "Běla",
      "Břetislava",
      "Caoimhe",
      "Carmen",
      "Cecilie",
      "Cecílie",
      "Celestina",
      "Celestýna",
      "Celie",
      "Celina",
      "Ch",
      "Chandra",
      "Charlotte",
      "Chelsea",
      "Cheyenne",
      "Chloe",
      "Chranislava",
      "Ctibora",
      "Ctirada",
      "Ctislava",
      "Cyntie",
      "Cyrila",
      "Dafné",
      "Dagmar",
      "Dagmara",
      "Dahlia",
      "Daireann",
      "Dalibora",
      "Dalida",
      "Dalie",
      "Dalila",
      "Dalimila",
      "Dalimíra",
      "Damaris",
      "Damiana",
      "Damiána",
      "Dana",
      "Danica",
      "Daniela",
      "Danuta",
      "Danuše",
      "Dara",
      "Daria",
      "Darie",
      "Darina",
      "Darja",
      "Davida",
      "Debora",
      "Delia",
      "Delie",
      "Delíla",
      "Denisa",
      "Diana",
      "Dina",
      "Dita",
      "Diviška",
      "Dobrava",
      "Dobromila",
      "Dobromíra",
      "Dobroslava",
      "Dominga",
      "Dominika",
      "Donalda",
      "Donáta",
      "Dora",
      "Doris",
      "Dorota",
      "Doubrava",
      "Doubravka",
      "Drahomila",
      "Drahomíra",
      "Drahoslava",
      "Drahotína",
      "Drahuše",
      "Drusila",
      "Dulcinea",
      "Durancie",
      "Dušana",
      "Džamila",
      "Edeltrud",
      "Edita",
      "Eduarda",
      "Edvarda",
      "Egona",
      "Eithne",
      "Ela",
      "Elektra",
      "Elena",
      "Eleonora",
      "Elfryd",
      "Elfrída",
      "Eliška",
      "Ella",
      "Elodie",
      "Elsa",
      "Elvíra",
      "Elza",
      "Ema",
      "Emanuela",
      "Emilie",
      "Emílie",
      "Epona",
      "Erika",
      "Erin",
      "Erlea",
      "Erna",
      "Ervína",
      "Esmeralda",
      "Estela",
      "Ester",
      "Estera",
      "Etela",
      "Ethel",
      "Eufrozina",
      "Eufrozína",
      "Eugenie",
      "Eulálie",
      "Eunika",
      "Eusebie",
      "Eva",
      "Evelina",
      "Evelína",
      "Evženie",
      "Eydís",
      "Fabie",
      "Fabiána",
      "Fatima",
      "Faustina",
      "Faustýna",
      "Fedora",
      "Felicie",
      "Felicita",
      "Felície",
      "Ferdinanda",
      "Fidelie",
      "Filipa",
      "Filoména",
      "Fiona",
      "Flavie",
      "Flora",
      "Florentina",
      "Florentýna",
      "Flóra",
      "Františka",
      "Freya",
      "Frída",
      "Féba",
      "Gabriela",
      "Gaia",
      "Gaja",
      "Gajana",
      "Galina",
      "Garika",
      "Gema",
      "Geralda",
      "Geraldina",
      "Gerarda",
      "Gerardina",
      "Gerda",
      "Gerharda",
      "Gertruda",
      "Gilberta",
      "Gina",
      "Gisela",
      "Gita",
      "Gizela",
      "Gloria",
      "Glorie",
      "Gordana",
      "Grace",
      "Gracie",
      "Graciána",
      "Gražina",
      "Griselda",
      "Grizelda",
      "Grácie",
      "Gráinne",
      "Gréta",
      "Gudrun",
      "Gulnar",
      "Gustava",
      "Gvendolin",
      "Gvendolina",
      "Gvendolína",
      "Halina",
      "Hana",
      "Hannah",
      "Havla",
      "Heda",
      "Hedvika",
      "Heidi",
      "Heidrun",
      "Helena",
      "Helga",
      "Herberta",
      "Hermiona",
      "Hermína",
      "Herta",
      "Hilda",
      "Holly",
      "Honor",
      "Hortensie",
      "Hortenzie",
      "Horymíra",
      "Hostimila",
      "Hostimíra",
      "Hostislava",
      "Hvězdoslava",
      "Hyacinta",
      "Háta",
      "Iboja",
      "Ida",
      "Idunn",
      "Ignácie",
      "Ignáta",
      "Ildika",
      "Iljana",
      "Ilona",
      "Ilsa",
      "Ilza",
      "Imogen",
      "Ines",
      "Inesa",
      "Ingeborg",
      "Ingeborga",
      "Ingrid",
      "Ingrida",
      "Inka",
      "Inéz",
      "Irena",
      "Iris",
      "Irma",
      "Isabela",
      "Isidora",
      "Isolda",
      "Isolde",
      "Iva",
      "Ivana",
      "Iveta",
      "Ivona",
      "Izabela",
      "Izidora",
      "Izolda",
      "Iška",
      "Jadrana",
      "Jadranka",
      "Jakuba",
      "Jakubka",
      "Jana",
      "Janine",
      "Jarmila",
      "Jarolíma",
      "Jaromíra",
      "Jaroslava",
      "Jasmin",
      "Jasmína",
      "Jasna",
      "Jasněna",
      "Jelena",
      "Jennifer",
      "Jenovefa",
      "Jenovéfa",
      "Jesika",
      "Jessika",
      "Jindra",
      "Jindřiška",
      "Jitka",
      "Jiřina",
      "Johana",
      "Jolana",
      "Jolanta",
      "Jordana",
      "Jordanka",
      "Jorga",
      "Jorunn",
      "Josefa",
      "Josefina",
      "Josefína",
      "Josselin",
      "Jovana",
      "Jozefa",
      "Jozefína",
      "Judita",
      "Juliana",
      "Julie",
      "Juliána",
      "Justina",
      "Justýna",
      "Juta",
      "Kaja",
      "Kamila",
      "Karin",
      "Karina",
      "Karla",
      "Karmela",
      "Karmen",
      "Karolina",
      "Karolína",
      "Kassandra",
      "Kateřina",
      "Katrin",
      "Katrina",
      "Kayla",
      "Kazi",
      "Kazimíra",
      "Keiko",
      "Kimberly",
      "Kira",
      "Klaudie",
      "Klementina",
      "Klementýna",
      "Kleopatra",
      "Klotilda",
      "Klotylda",
      "Klára",
      "Koko",
      "Koleta",
      "Kolombína",
      "Kolumbína",
      "Konstance",
      "Konstancie",
      "Konsuela",
      "Konzuela",
      "Kora",
      "Kordelia",
      "Kordula",
      "Korina",
      "Kornélie",
      "Krasava",
      "Krasomila",
      "Kristina",
      "Kristýna",
      "Kunhuta",
      "Květa",
      "Květoslava",
      "Květuše",
      "Kyra",
      "Lada",
      "Ladislava",
      "Laetitia",
      "Lalita",
      "Lara",
      "Larisa",
      "Laura",
      "Laurencie",
      "Lea",
      "Leila",
      "Lejla",
      "Lena",
      "Lenka",
      "Leokádie",
      "Leona",
      "Leonora",
      "Leontina",
      "Leontýna",
      "Leopolda",
      "Leopoldina",
      "Leopoldýna",
      "Leticie",
      "Lia",
      "Liana",
      "Libora",
      "Liboslava",
      "Libuše",
      "Liběna",
      "Lidmila",
      "Lila",
      "Liliana",
      "Lilith",
      "Lina",
      "Linda",
      "Lindsay",
      "Liron",
      "Lisa",
      "Liv",
      "Livie",
      "Ljuba",
      "Lola",
      "Loreta",
      "Lorna",
      "Lota",
      "Lubomíra",
      "Luboslava",
      "Lucie",
      "Luciána",
      "Ludiše",
      "Ludmila",
      "Ludomíra",
      "Ludoslava",
      "Ludvika",
      "Ludvíka",
      "Luisa",
      "Lujza",
      "Lukrécie",
      "Lumíra",
      "Luna",
      "Luďka",
      "Lydie",
      "Lyric",
      "Léda",
      "Lýdie",
      "Mabel",
      "Mabela",
      "Magda",
      "Magdalena",
      "Magdaléna",
      "Mahpíya",
      "Mahulena",
      "Maite",
      "Maja",
      "Malika",
      "Malvína",
      "Manon",
      "Manona",
      "Manuela",
      "Marcela",
      "Marcelína",
      "Margit",
      "Margita",
      "Mariana",
      "Marie",
      "Marieta",
      "Marika",
      "Marilyn",
      "Marina",
      "Mariola",
      "Marion",
      "Marisa",
      "Marita",
      "Markéta",
      "Marlena",
      "Marta",
      "Martina",
      "Matylda",
      "Maud",
      "Maxima",
      "Maya",
      "Meda",
      "Medea",
      "Melanie",
      "Melia",
      "Melinda",
      "Melisa",
      "Melissa",
      "Melita",
      "Melánie",
      "Mercedes",
      "Mečislava",
      "Mia",
      "Michaela",
      "Michala",
      "Mijuki",
      "Milada",
      "Milagros",
      "Milana",
      "Mildred",
      "Milena",
      "Miloslava",
      "Milred",
      "Miluše",
      "Mira",
      "Mirabela",
      "Miranda",
      "Mirela",
      "Miriam",
      "Mirjam",
      "Mirka",
      "Miromila",
      "Miroslava",
      "Mischa",
      "Mizuki",
      "Mnislava",
      "Moe",
      "Mona",
      "Monika",
      "Moria",
      "Morwenna",
      "Muriel",
      "Muriela",
      "Myrna",
      "Mája",
      "Médea",
      "Mína",
      "Naamah",
      "Naděžda",
      "Nami",
      "Naneta",
      "Narcisa",
      "Natalie",
      "Nataša",
      "Natálie",
      "Naďa",
      "Nechama",
      "Neda",
      "Nela",
      "Nerys",
      "Nevena",
      "Niamh",
      "Nika",
      "Nikita",
      "Nikodéma",
      "Nikol",
      "Nikola",
      "Niké",
      "Nila",
      "Nina",
      "Noema",
      "Noemi",
      "Nona",
      "Nora",
      "Norberta",
      "Norma",
      "Odeta",
      "Odette",
      "Ofélie",
      "Oktavie",
      "Oktávie",
      "Oldřiška",
      "Olga",
      "Oliva",
      "Olivie",
      "Olympie",
      "Ondřejka",
      "Oriana",
      "Otakara",
      "Otilie",
      "Otýlie",
      "Oxana",
      "Padma",
      "Palmira",
      "Pamela",
      "Paraskeva",
      "Parvati",
      "Paskala",
      "Patricie",
      "Pavla",
      "Pavlína",
      "Pax",
      "Pelagie",
      "Penelopa",
      "Penelope",
      "Perla",
      "Persida",
      "Perzida",
      "Petra",
      "Petrana",
      "Petronela",
      "Petronila",
      "Petruše",
      "Petula",
      "Pia",
      "Pilar",
      "Piroska",
      "Pnina",
      "Polyxena",
      "Pravdomila",
      "Pravomila",
      "Pravoslav",
      "Pravoslava",
      "Priscila",
      "Priska",
      "Prokopa",
      "Přibyslava",
      "Radana",
      "Radimíra",
      "Radislava",
      "Radka",
      "Radmila",
      "Radomila",
      "Radomíra",
      "Radoslava",
      "Radovana",
      "Radslava",
      "Rafaela",
      "Raisa",
      "Rajsa",
      "Ramona",
      "Rastislava",
      "Rebeka",
      "Regina",
      "Regína",
      "Rena",
      "Renata",
      "Renáta",
      "René",
      "Restituta",
      "Ria",
      "Riana",
      "Richarda",
      "Rina",
      "Rita",
      "Roberta",
      "Robin",
      "Robina",
      "Romana",
      "Romy",
      "Rosa",
      "Rosalind",
      "Rosalinda",
      "Rosamund",
      "Rosamunda",
      "Rosana",
      "Rostislava",
      "Roswitha",
      "Rovena",
      "Roxana",
      "Rozalinda",
      "Rozamunda",
      "Rozana",
      "Rozina",
      "Rozita",
      "Rozvita",
      "Rozálie",
      "Rudolfa",
      "Rudolfina",
      "Rudolfína",
      "Ruslana",
      "Rut",
      "Ráchel",
      "Róza",
      "Rút",
      "Růžena",
      "Sabina",
      "Sabrina",
      "Salome",
      "Salomea",
      "Salomena",
      "Samay",
      "Samia",
      "Samuela",
      "Sandra",
      "Saoirse",
      "Saskia",
      "Saskie",
      "Saxona",
      "Scholastika",
      "Selena",
      "Selma",
      "Senta",
      "Serafina",
      "Serafína",
      "Serena",
      "Shirin",
      "Shreya",
      "Sibyla",
      "Sidonia",
      "Sidonie",
      "Silvie",
      "Silvána",
      "Simcha",
      "Simeona",
      "Simona",
      "Sinéad",
      "Skarlet",
      "Skarleta",
      "Slavomila",
      "Slavomíra",
      "Slavěna",
      "Slávka",
      "Soběslava",
      "Sofie",
      "Sofronie",
      "Solveig",
      "Solveiga",
      "Sotira",
      "Soňa",
      "Stanislava",
      "Stela",
      "Stáza",
      "Suki",
      "Suri",
      "Svatava",
      "Svatoslava",
      "Světla",
      "Světlana",
      "Světluše",
      "Sylva",
      "Sylvie",
      "Sára",
      "Tabita",
      "Tair",
      "Tala",
      "Talula",
      "Tamara",
      "Tamika",
      "Tara",
      "Taťána",
      "Tea",
      "Tekla",
      "Teodora",
      "Teodozie",
      "Teofila",
      "Tereza",
      "Terezie",
      "Thea",
      "Theodora",
      "Theodosie",
      "Theofila",
      "Tiffany",
      "Tomáška",
      "Toska",
      "Támar",
      "Táňa",
      "Ulrika",
      "Una",
      "Uršula",
      "Valburga",
      "Valdemara",
      "Valentina",
      "Valentýna",
      "Valerie",
      "Valérie",
      "Vanda",
      "Vanesa",
      "Varvara",
      "Veleslava",
      "Velislava",
      "Vendelína",
      "Vendula",
      "Vendulka",
      "Venuše",
      "Verona",
      "Veronika",
      "Vesna",
      "Viktorie",
      "Vilemína",
      "Vilma",
      "Viléma",
      "Vincencie",
      "Viola",
      "Violeta",
      "Virginie",
      "Virgínie",
      "Vivian",
      "Viviana",
      "Vladana",
      "Vladimíra",
      "Vladislava",
      "Vladěna",
      "Vlasta",
      "Vlastimila",
      "Vlastimíra",
      "Vlastislava",
      "Vojmíra",
      "Vojslava",
      "Vojtěška",
      "Voršila",
      "Vratislava",
      "Václava",
      "Víta",
      "Vítězslava",
      "Věduna",
      "Věnceslava",
      "Věnka",
      "Věra",
      "Věroslava",
      "Věslava",
      "Winona",
      "Xaverie",
      "Xenie",
      "Zaida",
      "Zaira",
      "Zara",
      "Zbyhněva",
      "Zbyslava",
      "Zbyňka",
      "Zbyška",
      "Zdena",
      "Zdenka",
      "Zdeslava",
      "Zdeňka",
      "Zdislava",
      "Zenobia",
      "Zenobie",
      "Zina",
      "Zinaida",
      "Zita",
      "Zlata",
      "Zlatomíra",
      "Zlatuše",
      "Zoe",
      "Zoja",
      "Zora",
      "Zoroslava",
      "Zuzana",
      "Zvonimíra",
      "Ásdís",
      "Ælfgifu",
      "Čestmíra",
      "Čeňka",
      "Čistoslava",
      "Řehořka",
      "Šarlota",
      "Šeherezáda",
      "Šimona",
      "Širi",
      "Štěpána",
      "Štěpánka",
      "Šulamit",
      "Šárka",
      "Žakelina",
      "Žakelína",
      "Žaneta",
      "Ždana",
      "Želimíra",
      "Želislava",
      "Želmíra",
      "Žitomíra",
      "Žitoslava",
      "Živa",
      "Živana",
      "Žofie"
    ],
    "male": [
      "Abadon",
      "Abd",
      "Abdon",
      "Abelard",
      "Abraham",
      "Abrahám",
      "Absolon",
      "Absolón",
      "Achil",
      "Achiles",
      "Adalbert",
      "Adam",
      "Adin",
      "Adolf",
      "Adrian",
      "Adrián",
      "Agaton",
      "Agne",
      "Agrippa",
      "Ahmed",
      "Aidan",
      "Ailill",
      "Aladin",
      "Alan",
      "Alban",
      "Alberich",
      "Albert",
      "Albrecht",
      "Albín",
      "Aldo",
      "Alen",
      "Alexandr",
      "Alexej",
      "Aleš",
      "Alfons",
      "Alfréd",
      "Alois",
      "Alojz",
      "Alva",
      "Alvar",
      "Alvin",
      "Amadeus",
      "Amand",
      "Amatus",
      "Ambrož",
      "Amos",
      "Amát",
      "Anastáz",
      "Anatol",
      "Andrea",
      "Andreas",
      "Andrej",
      "Anděl",
      "Andělín",
      "Angus",
      "Anselm",
      "Antal",
      "Antonín",
      "Aram",
      "Ariel",
      "Aristid",
      "Arje",
      "Arkád",
      "Armand",
      "Armin",
      "Arne",
      "Arnold",
      "Arnošt",
      "Arpád",
      "Arsen",
      "Artur",
      "Artuš",
      "Arzen",
      "Atanas",
      "Atanáš",
      "Atila",
      "August",
      "Augustin",
      "Augustýn",
      "Aurel",
      "Aurelián",
      "Avital",
      "Axel",
      "Azrael",
      "Baltazar",
      "Barabáš",
      "Barnabáš",
      "Bartoloměj",
      "Basil",
      "Bazil",
      "Beatus",
      "Bedřich",
      "Benedikt",
      "Benjamin",
      "Benjamín",
      "Beno",
      "Bernard",
      "Bertold",
      "Bertram",
      "Bivoj",
      "Blahomil",
      "Blahomír",
      "Blahoslav",
      "Blažej",
      "Bohdan",
      "Bohuchval",
      "Bohumil",
      "Bohumír",
      "Bohun",
      "Bohuslav",
      "Bohuš",
      "Bojan",
      "Bolemír",
      "Boleslav",
      "Bonaventura",
      "Bonifác",
      "Borek",
      "Boris",
      "Borislav",
      "Boyan",
      "Bořek",
      "Bořislav",
      "Bořivoj",
      "Božetěch",
      "Božidar",
      "Božislav",
      "Branimír",
      "Branislav",
      "Bratislav",
      "Bret",
      "Brian",
      "Brit",
      "Bronislav",
      "Bruno",
      "Budimír",
      "Budislav",
      "Budivoj",
      "Břetislav",
      "Caesar",
      "Callum",
      "Cato",
      "Cecil",
      "Cedrik",
      "Celestin",
      "Celestýn",
      "Ch",
      "Chajim",
      "Chandra",
      "Cheyenne",
      "Chrabroš",
      "Chraniboj",
      "Chranibor",
      "Chranislav",
      "Chrudoš",
      "Chrysostomos",
      "Chuck",
      "Chval",
      "Chřen",
      "Ciarán",
      "Ctibor",
      "Ctirad",
      "Ctislav",
      "Cyprián",
      "Cyril",
      "César",
      "Cézar",
      "Dag",
      "Dalemil",
      "Dalibor",
      "Dalimil",
      "Dalimír",
      "Damián",
      "Dan",
      "Daniel",
      "Dara",
      "Dareios",
      "Darek",
      "Darius",
      "David",
      "Denis",
      "Dezider",
      "Dimitrij",
      "Dimitris",
      "Dino",
      "Dionýz",
      "Dionýzos",
      "Diviš",
      "Dluhoš",
      "Dobromil",
      "Dobromír",
      "Dobroslav",
      "Dominik",
      "Donald",
      "Donát",
      "Dorian",
      "Dorián",
      "Drahomil",
      "Drahomír",
      "Drahoslav",
      "Drahotín",
      "Drahoň",
      "Drahoš",
      "Drahutin",
      "Dustin",
      "Dušan",
      "Dáreios",
      "Děpold",
      "Dětmar",
      "Dětřich",
      "Edgar",
      "Edmond",
      "Edmund",
      "Eduard",
      "Edvard",
      "Edvin",
      "Edvín",
      "Egmont",
      "Egon",
      "Ehud",
      "Ejtan",
      "Eli",
      "Elias",
      "Eliezer",
      "Elizej",
      "Elizeus",
      "Eliáš",
      "Elmar",
      "Elvis",
      "Elíša",
      "Emanuel",
      "Emerich",
      "Emil",
      "Emilián",
      "Engelbert",
      "Erazim",
      "Erazmus",
      "Erhard",
      "Erich",
      "Erik",
      "Ernest",
      "Ernst",
      "Ervín",
      "Eskil",
      "Eugen",
      "Eusebius",
      "Evald",
      "Evan",
      "Evarist",
      "Evžen",
      "Ezechiel",
      "Ezra",
      "Fabian",
      "Fabián",
      "Faust",
      "Faustin",
      "Faustýn",
      "Fedor",
      "Felicián",
      "Felix",
      "Ferdinand",
      "Fidel",
      "Fidelius",
      "Filemon",
      "Filibert",
      "Filip",
      "Filomen",
      "Flavius",
      "Flavián",
      "Florentin",
      "Florentýn",
      "Florián",
      "Fortunát",
      "Franc",
      "František",
      "Fridolín",
      "Fráňa",
      "Gabin",
      "Gabriel",
      "Garik",
      "Gaston",
      "Gedeon",
      "Gejza",
      "Genadij",
      "Gerald",
      "Gerard",
      "Gerazim",
      "Gerhard",
      "Gilbert",
      "Gleb",
      "Glen",
      "Gorazd",
      "Gordon",
      "Gothard",
      "Gracián",
      "Grant",
      "Gunter",
      "Gustav",
      "Gál",
      "Géza",
      "Gűnter",
      "Hadrián",
      "Hanno",
      "Hanuš",
      "Harald",
      "Harold",
      "Havel",
      "Haštal",
      "Helmut",
      "Henoch",
      "Herbert",
      "Herman",
      "Heřman",
      "Hilar",
      "Hilarius",
      "Hjalmar",
      "Homér",
      "Honor",
      "Honorius",
      "Honza",
      "Horst",
      "Horymír",
      "Horác",
      "Hostimil",
      "Hostimír",
      "Hostislav",
      "Hostivít",
      "Hovard",
      "Hubert",
      "Hugo",
      "Hvězdoslav",
      "Hyacint",
      "Hynek",
      "Hypolit",
      "Ignác",
      "Ignát",
      "Igor",
      "Ilja",
      "Ingemar",
      "Inocenc",
      "Irenej",
      "Ireneus",
      "Irvin",
      "Isaiah",
      "Isidor",
      "Isá",
      "Ivan",
      "Ivar",
      "Ivo",
      "Ivor",
      "Izaiáš",
      "Izidor",
      "Izmael",
      "Izák",
      "Ja'ir",
      "Jacek",
      "Jakub",
      "Jan",
      "Jan Nepomuk",
      "Jarmil",
      "Jarolím",
      "Jaromil",
      "Jaromír",
      "Jaroslav",
      "Jasan",
      "Jason",
      "Jasoň",
      "Jedidja",
      "Jelle",
      "Jeremiáš",
      "Jeroným",
      "Ježíš",
      "Jicchak",
      "Jiljí",
      "Jimram",
      "Jindřich",
      "Jiří",
      "Jišaj",
      "Job",
      "Joel",
      "Johann",
      "Jonatan",
      "Jonathan",
      "Jonatán",
      "Jonáš",
      "Jordan",
      "Josef",
      "Joshua",
      "Josiah",
      "Josselin",
      "Jost",
      "Jozef",
      "Jozue",
      "Jošt",
      "Juda",
      "Julius",
      "Julián",
      "Juraj",
      "Justin",
      "Justýn",
      "Jáchym",
      "Ján",
      "Kajetán",
      "Kamil",
      "Karel",
      "Kasián",
      "Kastor",
      "Kazimír",
      "Kašpar",
      "Ken",
      "Kevin",
      "Kilián",
      "Kim",
      "Klaudius",
      "Klaudián",
      "Klement",
      "Kleofáš",
      "Kliment",
      "Knut",
      "Koloman",
      "Kolombín",
      "Kolumbán",
      "Kolumbín",
      "Konrád",
      "Konstantin",
      "Konstantýn",
      "Kornel",
      "Kornelius",
      "Kosma",
      "Kosmas",
      "Krasomil",
      "Krasoslav",
      "Kristián",
      "Kryšpín",
      "Kryšpín (křestní jméno)",
      "Kryštof",
      "Kurt",
      "Kvido",
      "Květoslav",
      "Květoň",
      "Květoš",
      "Křesomysl",
      "Křišťan",
      "Ladislav",
      "Lambert",
      "Lars",
      "Laurenc",
      "Lazar",
      "Leander",
      "Leandr",
      "Leo",
      "Leodegar",
      "Leon",
      "Leonard",
      "Leonid",
      "Leontýn",
      "Leopold",
      "Leoš",
      "Lev",
      "Levi",
      "Lešek",
      "Libor",
      "Liboslav",
      "Lindsay",
      "Lionel",
      "Liron",
      "Livius",
      "Lorenc",
      "Lotar",
      "Lothar",
      "Lubomír",
      "Lubor",
      "Luboslav",
      "Luboš",
      "Lucian",
      "Lucius",
      "Lucián",
      "Ludivoj",
      "Ludomír",
      "Ludoslav",
      "Ludvík",
      "Luděk",
      "Lugh",
      "Luke",
      "Lukrecius",
      "Lukáš",
      "Lumír",
      "Lutibor",
      "Lutobor",
      "Lyric",
      "Magnus",
      "Mahpíya",
      "Makar",
      "Manfred",
      "Manfréd",
      "Mansvet",
      "Manuel",
      "Marcel",
      "Marek",
      "Marian",
      "Marin",
      "Mario",
      "Marius",
      "Marián",
      "Mark",
      "Martin",
      "Matouš",
      "Matyáš",
      "Matěj",
      "Max",
      "Maxim",
      "Maximilián",
      "Maxmilián",
      "Mařík",
      "Me'ir",
      "Medard",
      "Melichar",
      "Menachem",
      "Merlin",
      "Mervin",
      "Metod",
      "Metoděj",
      "Mečislav",
      "Michael",
      "Michal",
      "Micheáš",
      "Mikoláš",
      "Mikuláš",
      "Milan",
      "Milivoj",
      "Milorad",
      "Miloslav",
      "Milota",
      "Milouš",
      "Milovan",
      "Milovín",
      "Miloň",
      "Miloš",
      "Milutín",
      "Milík",
      "Milíč",
      "Mirek",
      "Mirko",
      "Miromil",
      "Miron",
      "Miroslav",
      "Mirtil",
      "Mischa",
      "Mlad",
      "Mladen",
      "Mnata",
      "Mnislav",
      "Modest",
      "Moe",
      "Mojmír",
      "Mojžíš",
      "Morgan",
      "Moric",
      "Moris",
      "Mořic",
      "Moše",
      "Mstislav",
      "Myron",
      "Myrtil",
      "Napoleon",
      "Narcis",
      "Natan",
      "Natanael",
      "Nathan",
      "Nathanael",
      "Neklan",
      "Nelson",
      "Nepomuk",
      "Nezamysl",
      "Nikita",
      "Nikodém",
      "Nikola",
      "Nikolas",
      "Ninoslav",
      "Noah",
      "Norbert",
      "Norman",
      "Něhoslav",
      "Odin",
      "Odolen",
      "Odon",
      "Oktavius",
      "Oktavián",
      "Olaf",
      "Olbram",
      "Oldřich",
      "Oleg",
      "Oliver",
      "Omar",
      "Ondřej",
      "Orest",
      "Orlando",
      "Oskar",
      "Osmund",
      "Osvald",
      "Oswald",
      "Ota",
      "Otakar",
      "Otmar",
      "Oto",
      "Otokar",
      "Otomar",
      "Ovidius",
      "Padma",
      "Palmiro",
      "Pankrác",
      "Pantaleon",
      "Paris",
      "Parsival",
      "Paskal",
      "Patrik",
      "Pavel",
      "Pavlín",
      "Pax",
      "Pelhřim",
      "Peregrin",
      "Perikles",
      "Petr",
      "Petronius",
      "Pipin",
      "Pius",
      "Platon",
      "Platón",
      "Polykarp",
      "Pravdomil",
      "Pravomil",
      "Pravoslav",
      "Predrag",
      "Prokop",
      "Prosper",
      "Přemysl",
      "Přibyslav",
      "Quentin",
      "Radan",
      "Radegast",
      "Radek",
      "Radhost",
      "Radim",
      "Radimír",
      "Radislav",
      "Radivoj",
      "Radko",
      "Radmil",
      "Radomil",
      "Radomír",
      "Radoslav",
      "Radovan",
      "Radoš",
      "Radu",
      "Radvan",
      "Radúz",
      "Rafael",
      "Raimund",
      "Rainald",
      "Rainer",
      "Rainhard",
      "Rainold",
      "Rajko",
      "Ralf",
      "Ramon",
      "Randolf",
      "Ranek",
      "Ranko",
      "Rastislav",
      "Ratibor",
      "Ratmír",
      "Redmond",
      "Reginald",
      "Reinhard",
      "Reinhardt",
      "Remig",
      "Remus",
      "Renát",
      "René",
      "Richard",
      "Robert",
      "Robin",
      "Robinson",
      "Roch",
      "Rodan",
      "Roderik",
      "Rodrigo",
      "Roger",
      "Roland",
      "Rolf",
      "Roman",
      "Romeo",
      "Romuald",
      "Romul",
      "Romulus",
      "Ron",
      "Ronald",
      "Rosamund",
      "Rostislav",
      "Ruben",
      "Rudolf",
      "Rufus",
      "Rupert",
      "Ruprecht",
      "Ruslan",
      "Ryuu",
      "Rónán",
      "Salvátor",
      "Samay",
      "Samer",
      "Samir",
      "Samson",
      "Samuel",
      "Sanjay",
      "Saturnin",
      "Saul",
      "Sebastian",
      "Sebastián",
      "Sebestian",
      "Sedrik",
      "Serafín",
      "Serenus",
      "Sergej",
      "Servác",
      "Seth",
      "Severín",
      "Sidon",
      "Sigfríd",
      "Silvan",
      "Silvestr",
      "Silvius",
      "Silván",
      "Simcha",
      "Simeon",
      "Simon",
      "Sinkler",
      "Sixt",
      "Sixtus",
      "Slaviboj",
      "Slavibor",
      "Slavoboj",
      "Slavoj",
      "Slavomil",
      "Slavomír",
      "Slávek",
      "Smil",
      "Soběslav",
      "Sokrat",
      "Soter",
      "Spytihněv",
      "Stanimír",
      "Stanislav",
      "Stojan",
      "Stojmír",
      "Svatoboj",
      "Svatobor",
      "Svatomír",
      "Svatopluk",
      "Svatoslav",
      "Sven",
      "Svetozar",
      "Sába",
      "Sámo",
      "Sáva",
      "Tadao",
      "Tadeáš",
      "Tankred",
      "Taras",
      "Tarsicius",
      "Teobald",
      "Teodor",
      "Teodorik",
      "Teodoz",
      "Teofan",
      "Teofil",
      "Terenc",
      "Terencius",
      "Thea",
      "Theobald",
      "Theodor",
      "Theodorik",
      "Theofan",
      "Theofil",
      "Thorsten",
      "Tiber",
      "Tiberius",
      "Tibor",
      "Tiburcius",
      "Tichomil",
      "Tichomír",
      "Tichon",
      "Timon",
      "Timotej",
      "Timoteus",
      "Timur",
      "Titus",
      "Tobiáš",
      "Tomislav",
      "Tomáš",
      "Tor",
      "Torkvát",
      "Torsten",
      "Tristan",
      "Udo",
      "Ulrich",
      "Upton",
      "Urban",
      "Uve",
      "Vadim",
      "Valdemar",
      "Valentin",
      "Valentýn",
      "Valerián",
      "Valter",
      "Valtr",
      "Vasil",
      "Vavřinec",
      "Veleslav",
      "Velimír",
      "Velislav",
      "Vendelín",
      "Verner",
      "Vidor",
      "Viktor",
      "Viktorin",
      "Viktorín",
      "Vilibald",
      "Vilmar",
      "Vilém",
      "Vincenc",
      "Virgil",
      "Virgin",
      "Vitold",
      "Vivian",
      "Vlad",
      "Vladan",
      "Vladimír",
      "Vladislav",
      "Vladivoj",
      "Vlasta",
      "Vlastimil",
      "Vlastimír",
      "Vlastislav",
      "Vlk",
      "Vojen",
      "Vojmil",
      "Vojmír",
      "Vojslav",
      "Vojtěch",
      "Vok",
      "Volfgang",
      "Vratislav",
      "Vsevolod",
      "Václav",
      "Vít",
      "Vítoslav",
      "Vítězslav",
      "Věnceslav",
      "Věnek",
      "Věroslav",
      "Všeboj",
      "Všebor",
      "Všerad",
      "Všeslav",
      "Walter",
      "Wilmar",
      "Winfred",
      "Xaver",
      "Xaverius",
      "Zachar",
      "Zachariáš",
      "Zbislav",
      "Zbyhněv",
      "Zbyněk",
      "Zbyslav",
      "Zbyšek",
      "Zdeněk",
      "Zderad",
      "Zdeslav",
      "Zdirad",
      "Zdislav",
      "Zdík",
      "Zeno",
      "Zenon",
      "Zikmund",
      "Zlatan",
      "Zlatko",
      "Zlatomír",
      "Zoltán",
      "Zoran",
      "Zoroslav",
      "Zosim",
      "Zvonimír",
      "Záboj",
      "Záviš",
      "Ábel",
      "Ámos",
      "Áron",
      "Árón",
      "Čeněk",
      "Česlav",
      "Čestmír",
      "Čistoslav",
      "Řehoř",
      "Šabtaj",
      "Šalamoun",
      "Šalomoun",
      "Šavel",
      "Šebastián",
      "Šimon",
      "Štefan",
      "Štěpán",
      "Šťasta",
      "Žarko",
      "Ždan",
      "Želibor",
      "Želimír",
      "Želislav",
      "Želmír",
      "Žitomír",
      "Žitoslav",
      "Živan"
    ]
  },
  "nationality": {
    "female": [
      "Afričanka",
      "Američanka",
      "Američanka",
      "Angličanka",
      "Asiatka",
      "Australanka",
      "Britka",
      "Bulharka",
      "Dánka",
      "Evropanka",
      "Finka",
      "Francouzka",
      "Italka",
      "Japonka",
      "Kanaďanka",
      "Maďarka",
      "Norka",
      "Němka",
      "Polka",
      "Portugalka",
      "Rakušanka",
      "Rumunka",
      "Ruska",
      "Slovenka",
      "Ukrajinka",
      "Vietnamka",
      "Češka",
      "Číňanka",
      "Řekyně",
      "Španělka",
      "Švédka",
      "Švýcarka"
    ],
    "male": [
      "Afričan",
      "Američan",
      "Američan",
      "Angličan",
      "Asiat",
      "Australan",
      "Brit",
      "Bulhar",
      "Dán",
      "Evropan",
      "Fin",
      "Francouz",
      "Ital",
      "Japonec",
      "Kanaďan",
      "Maďar",
      "Nor",
      "Němec",
      "Polák",
      "Portugalec",
      "Rakušan",
      "Rumun",
      "Rus",
      "Slovák",
      "Ukrajinec",
      "Vietnamec",
      "Čech",
      "Číňan",
      "Řek",
      "Španěl",
      "Švéd",
      "Švýcar"
    ]
  },
  "occupation": [
    "Account manager",
    "Administrativní pracovník",
    "Advokát",
    "Advokátní a notářský koncipient",
    "Agronom",
    "Alergolog",
    "Analytik prodeje",
    "Anesteziolog",
    "Animace 3D",
    "Aranžér",
    "Archeolog",
    "Architekt",
    "Architekt HW systémů",
    "Archivář",
    "Asistent klinických studií",
    "Asistent soudce",
    "Asistent v médiích, reklamě a PR",
    "Asistent v pojišťovnictví",
    "Asistentka",
    "Astronom",
    "Auditor",
    "Autoelektrikář",
    "Autoklempíř",
    "Automechanik",
    "Autočalouník",
    "Bankovní poradce",
    "Bankovní specialista",
    "Barman",
    "Biolog",
    "CAD/CAM specialista",
    "Category manager",
    "Celní deklarant",
    "Celník",
    "Chemický inženýr",
    "Chemik",
    "Chirurg",
    "Copywriter",
    "Cukrář",
    "DTP operátor",
    "Dabing",
    "Databázový specialista",
    "Daňový poradce",
    "Delegát cestovní kanceláře",
    "Dermatolog",
    "Designer",
    "Developer",
    "Diabetolog",
    "Direct marketing",
    "Dispečer",
    "Disponent",
    "Domovník",
    "Dělník",
    "Editor",
    "Ekolog",
    "Ekonom",
    "Elektrikář",
    "Elektroinženýr",
    "Elektromechanik",
    "Elektromontér",
    "Elektrotechnik",
    "Energetik",
    "Event specialist",
    "Exekutor",
    "F & B manager",
    "Fakturantka",
    "Farmaceutický reprezentant",
    "Filolog",
    "Filosof",
    "Finanční analytik",
    "Finanční kontrolor",
    "Finanční poradce",
    "Finanční specialista",
    "Finanční účetní",
    "Finanční ředitel",
    "Firemní bankéř",
    "Fotograf",
    "Fyzik",
    "Fyzioterapeut",
    "Garanční technik",
    "Generální ředitel",
    "Genetik",
    "Geodet",
    "Geolog",
    "Grafik",
    "Gynekolog",
    "HR business partner",
    "HR generalista",
    "HR specialista",
    "HR ředitel",
    "Hasič",
    "Herec",
    "Historik",
    "Hlavní účetní",
    "Hlídání dětí",
    "Hodinář",
    "Horník",
    "Hospodyně",
    "Hosteska",
    "Hutník",
    "Hydrolog",
    "IT analytik",
    "IT konzultant",
    "IT security specialist",
    "IT ředitel",
    "Inspektor",
    "Instalatér",
    "Internista",
    "Jednatel",
    "Jeřábník",
    "Kadeřnice",
    "Kameraman",
    "Kardiolog",
    "Karosář",
    "Keramik",
    "Key account manager",
    "Klempíř",
    "Knihovník",
    "Konstruktér",
    "Kontrolor",
    "Konzultant",
    "Konzultant v médiích, reklamě a PR",
    "Korektor",
    "Kosmetička",
    "Kouč",
    "Kovář",
    "Kreativec",
    "Krejčí",
    "Kuchař",
    "Kurátor",
    "Kurýr",
    "Kvalitář",
    "Laborant",
    "Lakýrník",
    "Leasingový specialista",
    "Lektor",
    "Lesník",
    "Letuška/stevard",
    "Likvidátor pojistných událostí",
    "Logistik",
    "Logoped",
    "Lékárenský laborant",
    "Lékárník",
    "Makléř",
    "Malíř",
    "Manažer dopravy",
    "Manažer klinických studií",
    "Manažer kvality",
    "Manažer partnerského prodeje",
    "Manažer prodejního týmu",
    "Manažer značky",
    "Manažer řízení rizika",
    "Manikérka",
    "Marketingová komunikace",
    "Marketingová strategie",
    "Marketingový analytik",
    "Marketingový výzkum",
    "Marketingový ředitel",
    "Maskér",
    "Masér",
    "Matematik",
    "Mechanik",
    "Media planner",
    "Medical advisor",
    "Merchandiser",
    "Meteorolog",
    "Metodik",
    "Metrolog",
    "Mistr",
    "Moderátor",
    "Monitor klinických studií",
    "Mzdová účetní",
    "Neurolog",
    "Notář",
    "Novinář",
    "Náborář",
    "Nákupčí",
    "Nákupčí pro prodejní řetězce",
    "Námořník",
    "Náměstek",
    "Nástrojař",
    "Obchodní asistent",
    "Obchodní referent",
    "Obchodní zástupce",
    "Obchodní ředitel",
    "Oblastní manažer",
    "Obráběč kovů",
    "Obsluha stavebních strojů",
    "Odborný asistent",
    "Odborný asistent ve výzkumu a vývoji",
    "Odhadce",
    "Office manager",
    "Oftalmolog",
    "Onkolog",
    "Online marketing",
    "Operátor",
    "Operátor CNC strojů",
    "Operátor výroby",
    "Optik",
    "Ortoped",
    "Osobní bankéř",
    "Osvětlovač",
    "Otorinolaryngolog",
    "Ošetřovatel",
    "Ošetřovatel zvířat",
    "Patolog",
    "Pediatr",
    "Pekař",
    "Personalista",
    "Personalista konzultant",
    "Pilot",
    "Plynař",
    "Plánovač výroby",
    "Podlahář",
    "Podpora informačních systémů",
    "Pojistný matematik",
    "Pojistný zprostředkovatel",
    "Pojišťovací poradce",
    "Pokladní",
    "Pokojská",
    "Pokrývač",
    "Policista",
    "Pomocná síla do kuchyně",
    "Porodní asistentka",
    "Portýr",
    "Pracovník audiovize",
    "Pracovník back office",
    "Pracovník call centra",
    "Pracovník charity",
    "Pracovník front office",
    "Pracovník help desku",
    "Pracovník letového provozu",
    "Pracovník na přepážce",
    "Pracovník na železnici",
    "Pracovník ostrahy",
    "Pracovník pneuservisu",
    "Pracovník pohřební služby",
    "Pracovník poštovního provozu",
    "Pracovník reklamačního oddělení",
    "Pracovník výzkumu a vývoje",
    "Pracovník vězeňské služby",
    "Procesní inženýr",
    "Prodavač",
    "Prodejce po telefonu",
    "Prodejce vozů",
    "Prodejce zájezdů",
    "Produktový manažer",
    "Produktový specialista",
    "Produkční",
    "Programátor",
    "Project administrator",
    "Projektant",
    "Projektový manažer",
    "Promotér",
    "Promítač",
    "Provozní ředitel",
    "Práce doma",
    "Právník",
    "Průmyslový designér",
    "Průvodce",
    "Psychiatr",
    "Psycholog",
    "Přijímací technik",
    "Přípravář",
    "Přírodovědec",
    "Radiolog",
    "Realitní makléř",
    "Recepční",
    "Referent",
    "Referent životního prostředí",
    "Regionální obchodní manažer",
    "Regulatory manager",
    "Rekvizitář",
    "Revizní technik",
    "Režisér",
    "Rozpočtář",
    "SW architekt",
    "Servisní technik",
    "Sexuolog",
    "Seřizovač CNC strojů",
    "Skladník",
    "Sklář",
    "Sociolog",
    "Sociální pracovník",
    "Someliér",
    "Soudce",
    "Soudní zapisovatel",
    "Specialista ERP",
    "Specialista HR marketingu",
    "Specialista ISO",
    "Specialista PR",
    "Specialista logistiky",
    "Specialista marketingu",
    "Specialista mobilních technologií",
    "Specialista na fondy EU",
    "Specialista pohledávek",
    "Specialista pro odměňování a benefity",
    "Specialista pro rozvoj a vzdělávání",
    "Specialista splátkového prodeje",
    "Specialista treasury",
    "Specialista vývojového týmu",
    "Specialista zabezpečovacích zařízení",
    "Speciální pedagog",
    "Speditér",
    "Spojový manipulant",
    "Sportovní lékař",
    "Správce aplikačního SW",
    "Správce majetku",
    "Správce operačních systémů a sítí",
    "Správce vozového parku",
    "Správní rada",
    "Statik",
    "Statistik",
    "Stavbyvedoucí",
    "Stavební dozor",
    "Stavěč dekorací",
    "Stomatolog",
    "Strojní inženýr",
    "Strojní zámečník",
    "Strojvedoucí",
    "Středoškolský učitel",
    "Střihač",
    "Supervizor výroby",
    "Supply chain specialist",
    "Svářeč",
    "Systémový inženýr",
    "Tajemník",
    "Tanečník",
    "Taxikář",
    "Technical writer",
    "Technický ředitel",
    "Technik BOZP",
    "Technik HW",
    "Technik dopravy",
    "Technik potravinářské výroby",
    "Technik požární ochrany",
    "Technik v chemickém průmyslu",
    "Technik v energetice",
    "Technik v plynárenství",
    "Technik ve stavebnictví",
    "Technik ve strojírenství",
    "Technik výroby",
    "Technolog",
    "Technolog potravinářské výroby",
    "Technolog v chemickém průmyslu",
    "Technolog v energetice",
    "Technolog v plynárenství",
    "Technolog v telekomunikacích",
    "Technolog ve stavebnictví",
    "Technolog ve strojírenství",
    "Technolog výroby",
    "Tesař",
    "Tester",
    "Tiskař",
    "Tiskový mluvčí",
    "Tlumočník",
    "Topič",
    "Trade marketing",
    "Trenér - instruktor",
    "Trenér - školitel",
    "Trenér obchodních dovedností",
    "Truhlář",
    "Uklízečka",
    "Učitel mateřské školy",
    "Učitel základní školy",
    "Vedoucí laboratoře",
    "Vedoucí lékárny",
    "Vedoucí odboru",
    "Vedoucí prodejny",
    "Vedoucí provozu",
    "Vedoucí restaurace",
    "Vedoucí servisu",
    "Vedoucí skladu",
    "Vedoucí týmu",
    "Vedoucí výroby",
    "Vedoucí vývoje",
    "Vedoucí úseku prodejny",
    "Veterinární lékař",
    "Vkládání dat do počítače",
    "Vodohospodář",
    "Voják",
    "Vrátný",
    "Vychovatel",
    "Vysokoškolský učitel",
    "Výkonný ředitel",
    "Výrobní ředitel",
    "Vývojový inženýr",
    "Vývojový technolog",
    "Vědecko-výzkumný pracovník",
    "Všeobecný lékař",
    "Webdesigner",
    "Webmaster",
    "Zahradní architekt",
    "Zahradník",
    "Zaměstnanec provozu restaurace",
    "Zdravotní sestra",
    "Zedník",
    "Zkušební technik",
    "Zlatník",
    "Zootechnik",
    "Zpěvák",
    "Zvukař",
    "Záchranář",
    "Zámečník",
    "Závozník",
    "Údržbář",
    "Úvěrový specialista",
    "Účetní",
    "Účetní metodik",
    "Úředník",
    "Ředitel",
    "Ředitel hotelu",
    "Ředitel instituce",
    "Ředitel kvality",
    "Ředitel logistiky",
    "Ředitel nákupu",
    "Řezník",
    "Řidič",
    "Řidič vysokozdvižného vozíku",
    "Šička",
    "Školník",
    "Šéfkuchař",
    "Šéfredaktor"
  ],
  "political_views": [
    "Anarchismus",
    "Anarchokomunismus",
    "Liberalismus"
  ],
  "surnames": [
    "Adamec",
    "Bakes",
    "Barta",
    "Bartoň",
    "Barák",
    "Benda",
    "Benesch",
    "Beneš",
    "Beranek",
    "Bezruč",
    "Blaha",
    "Borovský",
    "Brabec",
    "Brandejs",
    "Brazda",
    "Buchta",
    "Burian",
    "Busta",
    "Běhounek",
    "Běhounková",
    "Bělohlávek",
    "Chalupa",
    "Chalupová",
    "Chvátal",
    "Cibulka",
    "Dobrovský",
    "Doležal",
    "Došek",
    "Drdla",
    "Drobný",
    "Drozd",
    "Drozdov",
    "Drtina",
    "Dudek",
    "Dvorak",
    "Důras",
    "Fiala",
    "Foltys",
    "Frič",
    "Fučík",
    "Gajdoš",
    "Hampl",
    "Hamrlík",
    "Hanzlík",
    "Hanák",
    "Haugwitz",
    "Havelka",
    "Havlíček",
    "Havránek",
    "Hayek",
    "Hašek",
    "Hejda",
    "Hlaváček",
    "Hlinka",
    "Holub",
    "Holý",
    "Horák",
    "Horčička",
    "Hošek",
    "Hošťálek",
    "Hrabal",
    "Hrabě",
    "Hradecký",
    "Hrbáček",
    "Hrdlička",
    "Hrozný",
    "Hrubeš",
    "Hruška",
    "Hudec",
    "Hudeček",
    "Hudáček",
    "Huťka",
    "Hádek",
    "Hájek",
    "Jahoda",
    "Janda",
    "Janoušek",
    "Jansky",
    "Janáček",
    "Jech",
    "Jedlicka",
    "Jedlitschka",
    "Jedlitzka",
    "Jedlička",
    "Jelinek",
    "Jellinek",
    "Jeník",
    "Jerabek",
    "Jerzabek",
    "Jerábek",
    "Jeřábek",
    "Jeřábková",
    "Ježek",
    "Jileck",
    "Jireček",
    "Jiránek",
    "Jirásek",
    "Jágr",
    "Kadlec",
    "Kafka",
    "Kahanek",
    "Kalousek",
    "Kapić",
    "Kaplický",
    "Kittlová",
    "Klima",
    "Kmoch",
    "Knirsch",
    "Kocian",
    "Kodeš",
    "Kohout",
    "Kohoutek",
    "Kokoschka",
    "Kolovrat",
    "Kolář",
    "Konečný",
    "Konvalinka",
    "Koprziva",
    "Koprziwa",
    "Kopřiva",
    "Kopřivová",
    "Kopříva",
    "Kopřívová",
    "Kotík",
    "Koubek",
    "Koukal",
    "Kovařík",
    "Kovář",
    "Kočí",
    "Košťál",
    "Koželuh",
    "Kožená",
    "Kožený",
    "Kožešník",
    "Krajíček",
    "Krajíčkova",
    "Kratochvíl",
    "Krejčí",
    "Krejčík",
    "Krejčír",
    "Krupička",
    "Kuba",
    "Kubelík",
    "Kubicki",
    "Kubiš",
    "Kukal",
    "Kulhánek",
    "Kulhánková",
    "Kužel",
    "Kvapil",
    "Kvíčala",
    "Kvíčalová",
    "Květoň",
    "Křivohlavý",
    "Leharová",
    "Lehárová",
    "Lejsek",
    "Liška",
    "Luxa",
    "Látal",
    "Léhar",
    "Léharová",
    "Léhař",
    "Léhařová",
    "Machura",
    "Mareš",
    "Marha",
    "Martinek",
    "Masaryk",
    "Matouš",
    "Matoušek",
    "Mašek",
    "Mašín",
    "Mejstřík",
    "Mejstříková",
    "Menčík",
    "Michalík",
    "Michálek",
    "Micka",
    "Mišek",
    "Mlynář",
    "Moravec",
    "Morawetz",
    "Morawitz",
    "Mraz",
    "Mrkos",
    "Mucha",
    "Mukarovsky",
    "Musil",
    "Mysliveček",
    "Navrátil",
    "Navrátilová",
    "Nedvěd",
    "Neruda",
    "Nesvadba",
    "Nezval",
    "Nešetřil",
    "Novak",
    "Novotný",
    "Novy",
    "Nováček",
    "Němec",
    "Obdržálek",
    "Obermajer",
    "Palacky",
    "Patočka",
    "Pelikan",
    "Petr",
    "Poborsky",
    "Pokorný",
    "Polák",
    "Pospíšil",
    "Pospěch",
    "Povondra",
    "Prchal",
    "Procházka",
    "Průcha",
    "Ptacek",
    "Ptaczek",
    "Ptaček",
    "Pták",
    "Ptáček",
    "Ptáčková",
    "Přibyl",
    "Přindiš",
    "Rechcigl",
    "Rehák",
    "Rosický",
    "Ružička",
    "Ryba",
    "Sadek",
    "Saudek",
    "Schimunek",
    "Sedlak",
    "Sedláček",
    "Sklenář",
    "Skořepa",
    "Sladek",
    "Slavíček",
    "Slezak",
    "Sluka",
    "Smekal",
    "Sobotka",
    "Sojka",
    "Sokol",
    "Spacek",
    "Srnicek",
    "Sršeň",
    "Stamitz",
    "Stehlík",
    "Stejskal",
    "Straková",
    "Strnad",
    "Strouhal",
    "Stříbrný",
    "Suchy",
    "Sušil",
    "Sviták",
    "Svoboda",
    "Svárovský",
    "Swarovski",
    "Sykora",
    "Synek",
    "Sáblík",
    "Sáblíková",
    "Talich",
    "Tichý",
    "Tikal",
    "Toman",
    "Tomášek",
    "Tomíčková",
    "Triska",
    "Trnka",
    "Trojan",
    "Trávníček",
    "Tupý",
    "Třešňák",
    "Valenta",
    "Vanek",
    "Vašek",
    "Vašíček",
    "Veselý",
    "Veverka",
    "Vodička",
    "Vorel",
    "Voráček",
    "Vostřák",
    "Voříšek",
    "Vrabcová",
    "Vrabec",
    "Vrabel",
    "Vrána",
    "Vycpálek",
    "Vydra",
    "Váňa",
    "Vítkovský",
    "Wawra",
    "Wotruba",
    "Wrabetz",
    "Zahradnik",
    "Zahradníček",
    "Zapletal",
    "Zaruba",
    "Zawadzki",
    "Zawinul",
    "Zelenka",
    "Zelinka",
    "Zeman",
    "Zemanek",
    "Zvěřinová",
    "Zákostelský",
    "Čapek",
    "Čech",
    "Čelakovský",
    "Čelanský",
    "Čelůstka",
    "Čermák",
    "Černý",
    "Čihák",
    "Čáp",
    "Řezník",
    "Šafařík",
    "Šafaříková",
    "Šaloun",
    "Ševčík",
    "Šimůnek",
    "Škoda",
    "Škorpil",
    "Šlesingr",
    "Šmahel",
    "Šmejkal",
    "Šrámek",
    "Štechová",
    "Štorch",
    "Štěch",
    "Štěpán",
    "Šulc",
    "Švec",
    "Šťastný",
    "Žitnik",
    "Žák",
    "Žáček",
    "Žídek"
  ],
  "telephone_fmt": [
    "601 ### ###",
    "737 ### ###",
    "736 ### ###",
    "### ### ###",
    "+420 ### ### ###"
  ],
  "title": {
    "female": {
      "typical": [
        "Paní"
      ],
      "academic": [
        "Bc.",
        "BcA.",
        "CSc.",
        "DrSc.",
        "Ing.",
        "Ing. arch.",
        "JUDr.",
        "MUDr.",
        "MVDr.",
        "MgA.",
        "Mgr.",
        "Ph.D.",
        "PharmDr.",
        "RNDr.",
        "Th.D.",
        "ThDr.",
        "ThLic."
      ]
    },
    "male": {
      "typical": [
        "Pane"
      ],
      "academic": [
        "Bc.",
        "BcA.",
        "CSc.",
        "DrSc.",
        "Ing.",
        "Ing. arch.",
        "JUDr.",
        "MUDr.",
        "MVDr.",
        "MgA.",
        "Mgr.",
        "Ph.D.",
        "PharmDr.",
        "RNDr.",
        "Th.D.",
        "ThDr.",
        "ThLic."
      ]
    }
  },
  "university": [
    "Akademie múzických umění v Praze",
    "Akademie výtvarných umění v Praze",
    "Janáčkova akademie múzických umění v Brně",
    "Jihočeská univerzita v Českých Budějovicích",
    "Masarykova univerzita",
    "Mendelova univerzita v Brně",
    "Ostravská univerzita",
    "Slezská univerzita v Opavě",
    "Technická univerzita v Liberci",
    "Univerzita Hradec Králové",
    "Univerzita Jana Evangelisty Purkyně v Ústí nad Labem",
    "Univerzita Karlova",
    "Univerzita Palackého v Olomouci",
    "Univerzita Pardubice",
    "Univerzita Tomáše Bati ve Zlíně",
    "Veterinární a farmaceutická univerzita Brno",
    "Vysoká škola báňská – Technická univerzita Ostrava",
    "Vysoká škola chemicko-technologická v Praze",
    "Vysoká škola ekonomická v Praze",
    "Vysoká škola uměleckoprůmyslová v Praze",
    "Vysoké učení technické v Brně",
    "Západočeská univerzita v Plzni",
    "Česká zemědělská univerzita v Praze",
    "České vysoké učení technické v Praze"
  ],
  "views_on": [
    "Negativy",
    "Neutrální",
    "Pozitivní"
  ],
  "worldview": [
    "Agnosticismus",
    "Ateismus",
    "Islám",
    "Judaismus",
    "Křesťanství",
    "Panteismus",
    "Transgunnanismus"
  ]
}
