{
  "address_fmt": "{st_num} {st_sfx} {st_name}",
  "city": [
    "أبوظبي",
    "الذيد",
    "الرمس",
    "الرويس",
    "الشارقة",
    "العين",
    "الفجيرة",
    "المدام",
    "ام القيوين",
    "جبل علي",
    "حتا",
    "خورفكان",
    "دبا الحصن",
    "دبا الفجيرة",
    "دبي",
    "رأس الخيمة",
    "عجمان",
    "غياثي",
    "كلباء",
    "ليوا",
    "مدينة زايد"
  ],
  "country": {
    "current_locale": "الإمارات العربية المتحدة",
    "name": [
      "أفغانستان",
      "ألبانيا",
      "الجزائر",
      "أندورا",
      "أنغولا",
      "الأرجنتين",
      "أرمينيا",
      "أستراليا",
      "النمسا",
      "أذربيجان",
      "البهاما",
      "البحرين",
      "بنغلاديش",
      "باربادوس",
      "بيلاروسيا",
      "بلجيكا",
      "بليز",
      "بنين",
      "بوتان",
      "بوليفيا",
      "البوسنة والهرسك",
      "بوتسوانا",
      "البرازيل",
      "بروناي",
      "بلغاريا",
      "بوركينا فاسو",
      "بوروندي",
      "كمبوديا",
      "الكاميرون",
      "كندا",
      "الرأس الأخضر",
      "جمهورية أفريقيا الوسطى",
      "تشاد",
      "تشيلي",
      "الصين",
      "كولومبيا",
      "جزر القمر",
      "الكونغو",
      "الكونغو الديمقراطية",
      "كوستاريكا",
      "كرواتيا",
      "كوبا",
      "قبرص",
      "التشيك",
      "الدنمارك",
      "جيبوتي",
      "دومينيكا",
      "جمهورية الدومينيكان",
      "تيمور الشرقية",
      "الإكوادور",
      "مصر",
      "السلفادور",
      "غينيا الاستوائية",
      "إريتريا",
      "إستونيا",
      "إسواتيني",
      "إثيوبيا",
      "فيجي",
      "فنلندا",
      "فرنسا",
      "الغابون",
      "غامبيا",
      "جورجيا",
      "ألمانيا",
      "غانا",
      "اليونان",
      "غرينادا",
      "غواتيمالا",
      "غينيا",
      "غينيا بيساو",
      "غيانا",
      "هايتي",
      "هندوراس",
      "المجر",
      "آيسلندا",
      "الهند",
      "إندونيسيا",
      "إيران",
      "العراق",
      "إيرلندا",
      "إيطاليا",
      "ساحل العاج",
      "جامايكا",
      "اليابان",
      "الأردن",
      "كازاخستان",
      "كينيا",
      "كيريباتي",
      "كوريا الشمالية",
      "كوريا الجنوبية",
      "الكويت",
      "قرغيزستان",
      "لاوس",
      "لاتفيا",
      "لبنان",
      "ليسوتو",
      "ليبيريا",
      "ليبيا",
      "ليختنشتاين",
      "ليتوانيا",
      "لوكسمبورغ",
      "مدغشقر",
      "مالاوي",
      "ماليزيا",
      "جزر المالديف",
      "مالي",
      "مالطا",
      "جزر مارشال",
      "موريتانيا",
      "موريشيوس",
      "المكسيك",
      "ميكرونيزيا",
      "مولدوفا",
      "موناكو",
      "منغوليا",
      "الجبل الأسود",
      "المغرب",
      "موزمبيق",
      "ميانمار",
      "ناميبيا",
      "ناورو",
      "نيبال",
      "هولندا",
      "نيوزيلندا",
      "نيكاراغوا",
      "النيجر",
      "نيجيريا",
      "مقدونيا الشمالية",
      "النرويج",
      "عمان",
      "باكستان",
      "بالاو",
      "بنما",
      "بابوا غينيا الجديدة",
      "باراغواي",
      "بيرو",
      "الفلبين",
      "بولندا",
      "البرتغال",
      "قطر",
      "رومانيا",
      "روسيا",
      "رواندا",
      "سانت كيتس ونيفيس",
      "سانت لوسيا",
      "سانت فنسنت والغرينادين",
      "ساموا",
      "سان مارينو",
      "ساو تومي وبرينسيب",
      "السعودية",
      "السنغال",
      "صربيا",
      "سيشيل",
      "سيراليون",
      "سنغافورة",
      "سلوفاكيا",
      "سلوفينيا",
      "جزر سليمان",
      "الصومال",
      "جنوب أفريقيا",
      "إسبانيا",
      "سريلانكا",
      "السودان",
      "سورينام",
      "السويد",
      "سويسرا",
      "سوريا",
      "تايوان",
      "طاجيكستان",
      "تنزانيا",
      "تايلاند",
      "توغو",
      "تونغا",
      "ترينيداد وتوباغو",
      "تونس",
      "تركيا",
      "تركمانستان",
      "توفالو",
      "أوغندا",
      "أوكرانيا",
      "الإمارات العربية المتحدة",
      "المملكة المتحدة",
      "الولايات المتحدة الأمريكية",
      "أوروغواي",
      "أوزبكستان",
      "فانواتو",
      "فنزويلا",
      "فيتنام",
      "اليمن",
      "زامبيا",
      "زيمبابوي"
    ]
  },
  "continent": [
    "افريقيا",
    "أمريكا الشمالية",
    "أمريكا الجنوبية",
    "القطب الجنوبي",
    "اسيا",
    "اوروبا",
    "أوقيانوسيا"
  ],
  "state": {
    "abbr": [
      "01",
      "02",
      "03",
      "04",
      "05",
      "06",
      "07"
    ],
    "name": [
      "أبوظبي",
      "عجمان",
      "دبي",
      "الفجيرة",
      "رأس الخيمة",
      "الشارقة",
      "أم القيوين"
    ]
  },
  "street": {
    "suffix": [
      "شارع",
      "نهج",
      "ساحة",
      "معبر",
      "مقطع"
    ],
    "name": [
      "49",
      "51",
      "أبو بكر الصديق",
      "الأمل",
      "الإبداع",
      "الإحسان",
      "الاتحاد",
      "البستان",
      "البندر",
      "التحلية",
      "التمليك",
      "التوحيد",
      "الجزيرة",
      "الجسر",
      "الحديقة",
      "الحمراء",
      "الخالدية",
      "الخليج",
      "الدانة",
      "الرائد",
      "الرابية",
      "الرفاعة",
      "الزاهية",
      "الزعاب",
      "السيليكون",
      "الشيخ حمدان",
      "الشيخ خليفة بن زايد",
      "الشيخ راشد",
      "الشيخ زايد",
      "الشيخ زايد بن حمدان",
      "الشيخ زايد بن سلطان",
      "الشيخ سلمان",
      "الشيخ محمد بن زايد",
      "الطاقة",
      "الطوار",
      "الطيونة",
      "الظهر",
      "العروبة",
      "العين",
      "الفلاح",
      "الكرامة",
      "الكندي",
      "الكورنيش",
      "اللؤلؤة",
      "المحيصنة",
      "المدينة الرياضية",
      "المربعة",
      "المرفأ",
      "المصفح",
      "المطار",
      "المعذر",
      "المعرفة",
      "المنخول",
      "الميناء",
      "النخيل",
      "النزهة",
      "النصر",
      "النصر الجديد",
      "النصر الرياضي",
      "النور",
      "الواحة",
      "جبل علي",
      "حمدان بن محمد",
      "ديرة",
      "شاطئ الجميرا",
      "شاطئ الراحة",
      "كورنيش أبوظبي",
      "الشهداء",
      "ابن خلدون",
      "الثورة",
      "الاستقلال",
      "فلسطين",
      "التحرير",
      "السلام",
      "الأمويين",
      "العباسيين"
    ]
  },
  "postal_code_fmt": "#####"
}
