{
  "dishes": [
    "الأرز البخاري",
    "الأرز مع الدجاج",
    "الباستا",
    "البرجر",
    "البرغل",
    "البرياني",
    "البرياني الهندي",
    "البيتزا",
    "التبولة",
    "التمر",
    "الجنجر كيك",
    "الحلويات الشرقية",
    "الحمص",
    "الحنيذ",
    "الخلطة",
    "الركاب",
    "الريزوتو",
    "الزلابية",
    "السلطة العربية",
    "السمبوسة",
    "السمك المشوي",
    "السمك المقلي",
    "الشاورما",
    "الشوربة",
    "الشوربة التركية",
    "الشيش برك",
    "الشيش طاووق",
    "الشيش كباب",
    "الطاجين",
    "الطعام الباكستاني",
    "الطعام السريع",
    "الطعام اللبناني",
    "الطعام الهندي",
    "العيش",
    "الفتة",
    "الفتوش",
    "الفطائر",
    "الفلافل",
    "القطايف",
    "الكباب",
    "الكباب التركي",
    "الكبسة",
    "الكرواسان",
    "الكيك",
    "الكُنافة",
    "الكُنافة النابلسية",
    "اللازانيا",
    "اللقيمات",
    "الماشي",
    "المتبل",
    "المجبوس",
    "المدلوقة",
    "المرقوق",
    "المسبحة",
    "المسخن",
    "المشوي",
    "المقلوبة",
    "المقلوبة اللبنانية",
    "الملوخية",
    "المندي",
    "المنسف",
    "المنسف"
  ],
  "drinks": [
    "التمر الهندي",
    "الحليب",
    "الحليب بالتمر",
    "الحليب بالشوكولاتة",
    "الحليب بالفانيليا",
    "السانجريا",
    "السموزي",
    "الشاي الأخضر",
    "الشاي الأسود",
    "الشاي بالحليب",
    "الشاي بالنعناع",
    "الشراب البارد",
    "الشراب الفوار",
    "العرقسوس",
    "العصير الأخضر",
    "العصير الطبيعي",
    "القهوة الأمريكية",
    "القهوة الإيطالية",
    "القهوة التركية",
    "القهوة العربية",
    "القهوة الفرنسية",
    "الكاكاو",
    "الكمبوت",
    "الكوكتيل",
    "اللايم الصودا",
    "اللبن",
    "اللبن بالزعفران",
    "الليمونادة",
    "الماء",
    "الماء الفوار",
    "الماء المعدني",
    "المشروبات الرمضانية",
    "الميلك شيك",
    "النسكافيه",
    "النعناع بالليمون",
    "شاي الأعشاب",
    "شاي البابونج",
    "شاي الزنجبيل",
    "شاي الفواكه",
    "شاي الكرك",
    "شاي الورد",
    "عصير الأناناس",
    "عصير البرتقال",
    "عصير البرتقال بالجزر",
    "عصير التوت",
    "عصير الجوافة",
    "عصير الخوخ",
    "عصير الفراولة",
    "عصير الكيوي",
    "عصير الليمون",
    "عصير الليمون بالنعناع",
    "عصير المانجو",
    "عصير الموز",
    "مشروبات الطاقة",
    "مشروبات الغازية",
    "مشروبات حليب بالمكسرات",
    "مشروبات دافئة",
    "مشروبات طبيعية مخلطة"
  ],
  "fruits": [
    "تفاح",
    "موز",
    "برتقال",
    "فراولة",
    "أناناس",
    "عنب",
    "كيوي",
    "جوافة",
    "مانجو",
    "رمان",
    "ليمون",
    "تين",
    "خوخ",
    "كمثرى",
    "برقوق",
    "مشمش",
    "تمر",
    "كرز",
    "بطيخ",
    "بابايا",
    "طماطم",
    "أفوكادو",
    "جريب فروت",
    "مانغوستين",
    "التين الشوكي",
    "العنب",
    "الجوافة",
    "البرقوق",
    "الليمون الهندي",
    "المشمش المجفف",
    "التمر الهندي",
    "الفراولة البرية",
    "التوت البري",
    "الكيوي"
  ],
  "spices": [
    "كمون",
    "كزبرة",
    "قرفة",
    "قرنفل",
    "هيل",
    "زعفران",
    "فلفل أسود",
    "فلفل أحمر حار",
    "زنجبيل",
    "سبع بهارات",
    "جوزة الطيب",
    "كركم",
    "بابريكا",
    "العكري",
    "كاري",
    "شمر",
    "ريحان",
    "نعناع",
    "خردل",
    "كراوية",
    "زعتر",
    "شطة",
    "مسحوق الثوم",
    "مسحوق البصل",
    "قشر الليمون المجفف",
    "يانسون",
    "بقدونس مجفف",
    "أوراق الغار",
    "بزار",
    "مسمار",
    "قرفة ناعمة",
    "كزبرة جافة",
    "فلفل أبيض",
    "توابل البحر الأبيض المتوسط",
    "فلفل أسود مجروش",
    "ملح الليمون",
    "توابل تندوري",
    "ليمون مجفف",
    "طرخون",
    "راس الحانوت",
    "كزبرة مطحونة"
  ],
  "vegetables": [
    "جزر",
    "بطاطس",
    "بصل",
    "فلفل",
    "كوسة",
    "باذنجان",
    "قرنبيط",
    "لوبيا خضراء",
    "سبانخ",
    "جرجير",
    "خيار",
    "فجل",
    "شمندر",
    "كرنب",
    "ملفوف",
    "يقطين",
    "لوبيا بيضاء",
    "بروكلي",
    "فطر",
    "ثوم",
    "كرافس",
    "الباذنجان",
    "البطاطا الحلوة",
    "العدس",
    "الخرشوف",
    "البرسيم",
    "اللوبيا السوداء",
    "اللوبيا الحمراء"
  ]
}
