{
  "academic_degree": [
    "Dosentti",
    "Maisteri",
    "Professori",
    "Tohtorikoulutettava",
    "Tutkijatohtori",
    "Tutkimusavustaja",
    "Yliopistotutkija"
  ],
  "gender": [
    "Nainen",
    "Mies",
    "Muut"
  ],
  "language": [
    "Afrikaans",
    "Akan",
    "Albania",
    "Amhara",
    "Arabia",
    "Armenia",
    "Assami",
    "Atšeh",
    "Bali",
    "Batak",
    "Belutši",
    "Bemba",
    "Bengali",
    "Bhili",
    "Bikol",
    "Bugi",
    "Bulgaria",
    "Cebuano",
    "Englanti",
    "Espanja",
    "Eteläsotho",
    "Ewe",
    "Fulani",
    "Galego",
    "Ganda",
    "Georgia",
    "Gilaki",
    "Guarani",
    "Haitin kreoli",
    "Hausa",
    "Heprea",
    "Hiligaino",
    "Hindi",
    "Hindko",
    "Hmong",
    "Hollanti",
    "Igbo",
    "Iloko",
    "Indonesia",
    "Jamaikankreoli",
    "Japani",
    "Jiddiš",
    "Joruba",
    "Kabyyli",
    "Katalaani",
    "Kazakki",
    "Kašmiri",
    "Ketšua",
    "Khmer",
    "Kiina",
    "Kikuju",
    "Kimbundu",
    "Kirgiisi",
    "Kirundi",
    "Kituba",
    "Konkani",
    "Kreikka",
    "Kroatia",
    "Kurdi",
    "Lao",
    "Liettua",
    "Luluanluba",
    "Luo",
    "Luyia",
    "Madura",
    "Makua",
    "Malagassi",
    "Malaiji",
    "Mazandarani",
    "Mbundu",
    "Minangkabau",
    "Mongoli",
    "Moore",
    "Nepali",
    "Njandža",
    "Norja",
    "Oromo",
    "Pandžabi",
    "Paštu",
    "Portugali",
    "Ranska",
    "Romania",
    "Ruanda",
    "Ruotsi",
    "Saksa",
    "Santali",
    "Serbia",
    "Shan",
    "Sindhi",
    "Sinhali",
    "Sisilia",
    "Slovakki",
    "Somali",
    "Sukuma",
    "Sunda",
    "Suomi",
    "Sveitsinsaksa",
    "Swahili",
    "Tagalog",
    "Tamašek",
    "Tanska",
    "Tašelhit",
    "Tigrinja",
    "Tiibetti",
    "Tsonga",
    "Tswana",
    "Turkmeeni",
    "Tšekki",
    "Tšuang",
    "Uiguuri",
    "Unkari",
    "Uzbekki",
    "Valkovenäjä",
    "Venäjä",
    "Wolofi",
    "Xhosa",
    "Yi",
    "Zulu",
    "Šona"
  ],
  "names": {
    "male": [
      "Aadolf",
      "Aake",
      "Aapeli",
      "Aapo",
      "Aappo",
      "Aarne",
      "Aarni",
      "Aarno",
      "Aaro",
      "Aaron",
      "Aarre",
      "Aatami",
      "Aato",
      "Aatos",
      "Aatto",
      "Aatu",
      "Ahti",
      "Ahto",
      "Ahvo",
      "Aimo",
      "Aki",
      "Akseli",
      "Aku",
      "Alarik",
      "Albert",
      "Ale",
      "Aleksanteri",
      "Aleksi",
      "Aleksis",
      "Alex",
      "Alfred",
      "Ali",
      "Allan",
      "Alpi",
      "Alpo",
      "Altti",
      "Alvar",
      "Alvari",
      "Alvi",
      "Andreas",
      "Ano",
      "Anselmi",
      "Anssi",
      "Antero",
      "Anton",
      "Antti",
      "Antto",
      "Antton",
      "Anttoni",
      "Arhippa",
      "Arho",
      "Ari",
      "Armas",
      "Arsi",
      "Arto",
      "Arttu",
      "Arttur",
      "Artturi",
      "Arvi",
      "Arvo",
      "Asko",
      "Aslak",
      "Asmo",
      "Asser",
      "Asseri",
      "Atro",
      "Atso",
      "Atte",
      "August",
      "Aukusti",
      "Aulis",
      "Auno",
      "Auvo",
      "Benjam",
      "Benjamin",
      "Daavid",
      "Daniel",
      "Edvard",
      "Eeli",
      "Eelis",
      "Eemeli",
      "Eemil",
      "Eerik",
      "Eerikki",
      "Eero",
      "Eetu",
      "Eevert",
      "Eevertti",
      "Einari",
      "Eino",
      "Elia",
      "Elias",
      "Eliel",
      "Eljas",
      "Elmer",
      "Elmeri",
      "Elmo",
      "Elo",
      "Ensio",
      "Erkki",
      "Erkko",
      "Ernesti",
      "Erno",
      "Esa",
      "Esaias",
      "Esko",
      "Gabriel",
      "Gideon",
      "Hannes",
      "Hannu",
      "Harri",
      "Heikki",
      "Heimo",
      "Heino",
      "Hemminki",
      "Hemmo",
      "Henri",
      "Henrik",
      "Henrikki",
      "Herkko",
      "Herman",
      "Hermanni",
      "Huugo",
      "Iikka",
      "Iiro",
      "Iisak",
      "Iisakki",
      "Iivana",
      "Iivari",
      "Iivo",
      "Ilari",
      "Ilkka",
      "Ilmari",
      "Ilmo",
      "Ilpo",
      "Ilppo",
      "Immanuel",
      "Immo",
      "Inari",
      "Into",
      "Isko",
      "Ismael",
      "Ismo",
      "Isto",
      "Jaakkima",
      "Jaakko",
      "Jaakoppi",
      "Jalmar",
      "Jalmari",
      "Jalo",
      "Jami",
      "Jani",
      "Janne",
      "Jari",
      "Jarkko",
      "Jarmo",
      "Jarno",
      "Jasper",
      "Jere",
      "Jeremias",
      "Jesse",
      "Jimi",
      "Joel",
      "Johannes",
      "Joni",
      "Jonne",
      "Joona",
      "Joonas",
      "Joonatan",
      "Jooseppi",
      "Jori",
      "Jorma",
      "Jouko",
      "Jouni",
      "Juha",
      "Juhana",
      "Juhani",
      "Juho",
      "Jukka",
      "Julius",
      "Jussi",
      "Justus",
      "Juuso",
      "Jyri",
      "Jyrki",
      "Kaapo",
      "Kaappo",
      "Kaapro",
      "Kaarle",
      "Kaarlo",
      "Kai",
      "Kain",
      "Kaino",
      "Kalervo",
      "Kaleva",
      "Kalevi",
      "Kalle",
      "Kare",
      "Kari",
      "Karri",
      "Kasperi",
      "Kauko",
      "Kauno",
      "Keijo",
      "Kimi",
      "Kimmo",
      "Klaus",
      "Klemetti",
      "Konsta",
      "Konstantin",
      "Konstantinus",
      "Kosti",
      "Kristian",
      "Kristo",
      "Kuisma",
      "Kullervo",
      "Kustaa",
      "Kusti",
      "Kyösti",
      "Lari",
      "Lasse",
      "Lassi",
      "Lauri",
      "Leevi",
      "Lennart",
      "Lenni",
      "Leo",
      "Linus",
      "Luka",
      "Luukas",
      "Manne",
      "Manu",
      "Mara",
      "Markku",
      "Marko",
      "Markus",
      "Martti",
      "Matias",
      "Matteus",
      "Matti",
      "Mattias",
      "Mauno",
      "Maunu",
      "Mauri",
      "Miika",
      "Miikka",
      "Mika",
      "Mikael",
      "Mikko",
      "Miko",
      "Miska",
      "Mooses",
      "Natanael",
      "Nestori",
      "Niilo",
      "Niklas",
      "Niko",
      "Nikolai",
      "Nooa",
      "Nuutti",
      "Nyyrikki",
      "Ohto",
      "Oiva",
      "Olavi",
      "Oliver",
      "Olli",
      "Onni",
      "Orvo",
      "Oskari",
      "Osmo",
      "Ossi",
      "Ossian",
      "Otso",
      "Otto",
      "Paavali",
      "Paavo",
      "Panu",
      "Pasi",
      "Patrik",
      "Paul",
      "Pauli",
      "Pekka",
      "Pekko",
      "Pellervo",
      "Pentti",
      "Pertti",
      "Perttu",
      "Petri",
      "Petteri",
      "Pietari",
      "Pirkka",
      "Pyry",
      "Päiviö",
      "Rafael",
      "Raimo",
      "Raine",
      "Raino",
      "Raitis",
      "Ralf",
      "Rami",
      "Rauli",
      "Rauni",
      "Rauno",
      "Reijo",
      "Reima",
      "Reino",
      "Riku",
      "Risto",
      "Robert",
      "Roni",
      "Roope",
      "Ruuben",
      "Sakari",
      "Sakarias",
      "Saku",
      "Salomo",
      "Salomon",
      "Sami",
      "Sampo",
      "Sampsa",
      "Samu",
      "Samuel",
      "Samuli",
      "Santeri",
      "Santtu",
      "Sasu",
      "Sauli",
      "Seem",
      "Seet",
      "Seppo",
      "Severi",
      "Siimon",
      "Simeoni",
      "Simo",
      "Soini",
      "Sulevi",
      "Sulo",
      "Taavetti",
      "Taavi",
      "Taisto",
      "Taito",
      "Taneli",
      "Tapani",
      "Tapio",
      "Tarmo",
      "Tarvo",
      "Tatu",
      "Tauno",
      "Teemu",
      "Teijo",
      "Tenho",
      "Teppo",
      "Terho",
      "Tero",
      "Teuvo",
      "Tiitus",
      "Timi",
      "Timo",
      "Toimi",
      "Toivo",
      "Tomi",
      "Tommi",
      "Toni",
      "Topi",
      "Topias",
      "Torsti",
      "Totti",
      "Touko",
      "Tuomas",
      "Tuomo",
      "Tuukka",
      "Tuure",
      "Ukko",
      "Uljas",
      "Untamo",
      "Unto",
      "Uolevi",
      "Uoti",
      "Urho",
      "Urmas",
      "Urpo",
      "Usko",
      "Uuno",
      "Valde",
      "Valdemar",
      "Valto",
      "Valtter",
      "Valtteri",
      "Varma",
      "Veeti",
      "Veijo",
      "Veikka",
      "Veikko",
      "Veli",
      "Veli-Matti",
      "Verneri",
      "Vesa",
      "Vieno",
      "Vihtori",
      "Vilhelm",
      "Vilhelmi",
      "Vilho",
      "Vili",
      "Viljam",
      "Viljami",
      "Viljo",
      "Ville",
      "Villiam",
      "Vilppu",
      "Väinämö",
      "Väinö",
      "Waltteri",
      "Ylermi",
      "Yrjänä",
      "Yrjö"
    ],
    "female": [
      "Aada",
      "Aallotar",
      "Aamu",
      "Aava",
      "Aija",
      "Aila",
      "Aili",
      "Aina",
      "Aini",
      "Ainikki",
      "Aino",
      "Aira",
      "Airi",
      "Albertiina",
      "Aleksandra",
      "Aliina",
      "Aliisa",
      "Alina",
      "Alisa",
      "Alli",
      "Alma",
      "Amalia",
      "Amanda",
      "Anelma",
      "Anita",
      "Anitta",
      "Anja",
      "Anna",
      "Anna-Liisa",
      "Anne",
      "Annele",
      "Anneli",
      "Anni",
      "Anniina",
      "Annika",
      "Annikki",
      "Annina",
      "Annukka",
      "Anu",
      "Arja",
      "Armi",
      "Asta",
      "Auli",
      "Aulikki",
      "Aune",
      "Aura",
      "Auroora",
      "Aurora",
      "Bertta",
      "Eedit",
      "Eelin",
      "Eerika",
      "Eerin",
      "Eeva",
      "Eevi",
      "Eija",
      "Eila",
      "Eine",
      "Eini",
      "Eira",
      "Elena",
      "Eleonoora",
      "Eliina",
      "Eliisa",
      "Eliisabet",
      "Elina",
      "Elisa",
      "Elisabet",
      "Ella",
      "Ellen",
      "Elli",
      "Elma",
      "Elsa",
      "Elsi",
      "Elvi",
      "Elviira",
      "Emilia",
      "Emma",
      "Emmi",
      "Enni",
      "Eriika",
      "Erika",
      "Erin",
      "Erja",
      "Essi",
      "Ester",
      "Esteri",
      "Eveliina",
      "Fanni",
      "Fiona",
      "Hanna",
      "Hanne",
      "Hannele",
      "Heidi",
      "Heini",
      "Heleena",
      "Helena",
      "Heli",
      "Helinä",
      "Heljä",
      "Helka",
      "Hellevi",
      "Helli",
      "Hellin",
      "Hellä",
      "Helmi",
      "Helmiina",
      "Helvi",
      "Hely",
      "Henna",
      "Henriikka",
      "Hertta",
      "Heta",
      "Hilda",
      "Hilja",
      "Hilkka",
      "Hilla",
      "Hille",
      "Hillevi",
      "Hilma",
      "Hilppa",
      "Hulda",
      "Iida",
      "Iina",
      "Iines",
      "Iiris",
      "Iita",
      "Ilma",
      "Ilmatar",
      "Ilmi",
      "Ilona",
      "Ilta",
      "Impi",
      "Inari",
      "Inka",
      "Inkeri",
      "Irene",
      "Irina",
      "Irja",
      "Irma",
      "Irmeli",
      "Isabella",
      "Jaana",
      "Jade",
      "Janette",
      "Janika",
      "Janina",
      "Janita",
      "Janna",
      "Jasmiina",
      "Jasmin",
      "Jatta",
      "Jemina",
      "Jenna",
      "Jenni",
      "Jessika",
      "Johanna",
      "Jonna",
      "Josefiina",
      "Julia",
      "Justiina",
      "Jutta",
      "Juulia",
      "Kaarin",
      "Kaarina",
      "Kaija",
      "Kaino",
      "Kaisa",
      "Kaisla",
      "Kaisu",
      "Kanerva",
      "Karita",
      "Karoliina",
      "Kata",
      "Katariina",
      "Kati",
      "Katja",
      "Katri",
      "Katriina",
      "Kerttu",
      "Kielo",
      "Kiia",
      "Kiira",
      "Kirsi",
      "Kirsi-Marja",
      "Kirsti",
      "Kreeta",
      "Krista",
      "Kristiina",
      "Kustaava",
      "Kylli",
      "Kyllikki",
      "Lahja",
      "Laila",
      "Laimi",
      "Laina",
      "Laura",
      "Lea",
      "Leea",
      "Leena",
      "Leila",
      "Lemmikki",
      "Lemmitty",
      "Lempi",
      "Liina",
      "Liisa",
      "Liisi",
      "Lilja",
      "Lilli",
      "Linda",
      "Linnea",
      "Lotta",
      "Loviisa",
      "Lumi",
      "Lumikki",
      "Lyydi",
      "Lyydia",
      "Lyyli",
      "Lyyti",
      "Maaret",
      "Maaria",
      "Maarit",
      "Maija",
      "Maiju",
      "Maikki",
      "Maila",
      "Mailis",
      "Maire",
      "Malla",
      "Margareeta",
      "Margareetta",
      "Mari",
      "Maria",
      "Marianna",
      "Marianne",
      "Mariia",
      "Mariitta",
      "Marika",
      "Marita",
      "Maritta",
      "Marja",
      "Marja-Leena",
      "Marja-Liisa",
      "Marja-Terttu",
      "Marjaana",
      "Marjatta",
      "Marjo",
      "Marjukka",
      "Marjut",
      "Marketta",
      "Marleena",
      "Martta",
      "Mataleena",
      "Matilda",
      "Matleena",
      "Meeri",
      "Meri",
      "Merita",
      "Merja",
      "Mervi",
      "Mette",
      "Mielikki",
      "Miia",
      "Miina",
      "Miisa",
      "Mikaela",
      "Mila",
      "Milja",
      "Milka",
      "Milla",
      "Mimmi",
      "Mimosa",
      "Minea",
      "Minja",
      "Minna",
      "Minttu",
      "Mira",
      "Mirja",
      "Mirjam",
      "Mirjami",
      "Mirka",
      "Mirkku",
      "Mirva",
      "Moona",
      "Naemi",
      "Naima",
      "Naimi",
      "Nana",
      "Nea",
      "Neea",
      "Nelli",
      "Netta",
      "Niina",
      "Nina",
      "Noomi",
      "Noora",
      "Oili",
      "Olga",
      "Olivia",
      "Onerva",
      "Oona",
      "Orvokki",
      "Outi",
      "Paula",
      "Pauliina",
      "Peppi",
      "Petra",
      "Pihla",
      "Piia",
      "Pilvi",
      "Pinja",
      "Pirita",
      "Piritta",
      "Pirjo",
      "Pirkko",
      "Pulmu",
      "Päivi",
      "Päivikki",
      "Päiviö",
      "Raakel",
      "Raija",
      "Raila",
      "Raili",
      "Raisa",
      "Raita",
      "Rauha",
      "Rauna",
      "Rauni",
      "Rebekka",
      "Reeta",
      "Reetta",
      "Reija",
      "Riika",
      "Riikka",
      "Riina",
      "Riitta",
      "Ritva",
      "Ronja",
      "Roosa",
      "Ruut",
      "Saana",
      "Saara",
      "Saija",
      "Saila",
      "Saima",
      "Saimi",
      "Saini",
      "Salla",
      "Salli",
      "Salme",
      "Sanelma",
      "Sanna",
      "Sanni",
      "Sara",
      "Sari",
      "Sarita",
      "Satu",
      "Seidi",
      "Seija",
      "Selja",
      "Selma",
      "Senja",
      "Senni",
      "Serafiina",
      "Siina",
      "Siiri",
      "Silja",
      "Sini",
      "Sinikka",
      "Sirkka",
      "Sirkku",
      "Sirpa",
      "Sisko",
      "Siviä",
      "Sofia",
      "Sohvi",
      "Soila",
      "Soile",
      "Soili",
      "Soilikki",
      "Sointu",
      "Sonja",
      "Stiina",
      "Suoma",
      "Suometar",
      "Susanna",
      "Suvi",
      "Suvi-Anne",
      "Sylvi",
      "Sylvia",
      "Säde",
      "Taava",
      "Taija",
      "Taimi",
      "Taina",
      "Talvikki",
      "Tanja",
      "Tarja",
      "Taru",
      "Tea",
      "Teija",
      "Tekla",
      "Tellervo",
      "Terhi",
      "Terhikki",
      "Terttu",
      "Tiia",
      "Tiina",
      "Tilda",
      "Titta",
      "Toini",
      "Tuija",
      "Tuire",
      "Tuovi",
      "Tuula",
      "Tuuli",
      "Tuulia",
      "Tuulikki",
      "Tytti",
      "Tyyne",
      "Tyyni",
      "Ulla",
      "Unelma",
      "Urpu",
      "Ursula",
      "Valma",
      "Valpuri",
      "Vanamo",
      "Vappu",
      "Varma",
      "Varpu",
      "Veera",
      "Vellamo",
      "Venla",
      "Verna",
      "Vieno",
      "Viivi",
      "Vilhelmiina",
      "Vilja",
      "Vilma",
      "Viola",
      "Virpi",
      "Virva",
      "Virve",
      "Vuokko",
      "Wilhelmiina"
    ]
  },
  "nationality": [
    "Afganistanilainen",
    "Argentiinalainen",
    "Australialainen",
    "Belgialainen",
    "Bolivian",
    "Brasilialainen",
    "Brittiläinen",
    "Cambodian",
    "Chileläinen",
    "Costa rican",
    "Dominikaaninen",
    "Ecuadorin",
    "Egyptiläinen",
    "Englanti",
    "Espanjalainen",
    "Etiopialainen",
    "Guatemalan",
    "Hollantilainen",
    "Iranilainen",
    "Irlantilainen",
    "Israelilainen",
    "Italialainen",
    "Japanilainen",
    "Jordanialainen",
    "Kamerunin",
    "Kanadalainen",
    "Kiillottaa",
    "Kiinan kieli",
    "Kolumbian",
    "Kreikkalainen",
    "Kuubalainen",
    "Latvialainen",
    "Meksikolainen",
    "Portugalin kieli",
    "Puerto ricon",
    "Ranskalainen",
    "Romanialainen",
    "Ruotsalainen",
    "Saksan kieli",
    "Salvadorin",
    "Saudi",
    "Suomalainen",
    "Sveitsiläinen",
    "Taiwanin",
    "Tanskan kieli",
    "Ukrainalainen",
    "Uruguayn",
    "Venezuelan",
    "Venäjän kieli",
    "Virolainen"
  ],
  "occupation": [
    "ATK-päällikkö",
    "ATK-suunnittelija",
    "ATK-tallentaja",
    "Aarporaaja",
    "Agrologi",
    "Agronomi",
    "Ahtaaja",
    "Aikataulusuunnittelija",
    "Ajojärjestelijä",
    "Ajoneuvoasentaja",
    "Allasvalvoja",
    "Alueohjaaja",
    "Aluepäällikkö",
    "Aluetekniikan projektipäällikkö",
    "Amanuenssi",
    "Ammatinvalintapsykologi",
    "Ammattikalastaja",
    "Ammattiurheilija",
    "Analyytikko",
    "Apteekkari",
    "Apuhoitaja",
    "Apulaisasemakaavapäällikkö",
    "Apuneuvoteknikko",
    "Arkeologi",
    "Arkistonhoitaja",
    "Arkkitehti",
    "Art Director",
    "Asemakaavasuunnittelija",
    "Asennuspäällikkö",
    "Asennustyönjohtaja",
    "Asentaja",
    "Asentaja-suunnittelija",
    "Aseseppä",
    "Asiakashankkija",
    "Asiakaspalveluinsinööri",
    "Asiakasvastaava",
    "Asianajaja",
    "Askartelunohjaaja",
    "Astrologi",
    "Astronomi",
    "Automaalari",
    "Automaatioasentaja",
    "Automaatiosuunnittelija",
    "Automyyjä",
    "Autonasentaja",
    "Autonkuljettaja",
    "Baarimestari",
    "Betoniekspertti",
    "Betonilaborantti",
    "Bioanalyytikko",
    "Biokemisti",
    "Biologi",
    "CNC-koneistaja",
    "Copywriter",
    "Datanomi",
    "Diakoni",
    "Dramaturgi",
    "Ekologi",
    "Ekonomi",
    "Elektroniikka-asentaja",
    "Elektroniikkainsinööri",
    "Elementtisuunnittelija",
    "Elinkeinoasiamies",
    "Elintarviketyöntekijä",
    "Elokuvaleikkaaja",
    "Elokuvaohjaaja",
    "Eläinlääkäri",
    "Eläintenhoitaja",
    "Elämysopas",
    "Enologi",
    "Erikoissiivooja",
    "Erikoistutkija",
    "Erityisopettaja",
    "Erä- ja luonto-opas",
    "Esimies",
    "Farmakologi",
    "Farmaseutti",
    "Floristi",
    "Fysiologi",
    "Fysioterapeutti",
    "Fyysikko",
    "Geneetikko",
    "Geologi",
    "Geotekninen projektipäällikkö",
    "Geotekninen suunnittelija",
    "Graafinen suunnittelija",
    "Gynekologi",
    "Hakkurinkuljettaja",
    "Hallintolakimies",
    "Hammashoitaja",
    "Hammashuoltaja",
    "Hammaslääkäri",
    "Hammasteknikko",
    "Hankintapäällikkö",
    "Haudankaivaja",
    "Hautakivisuunnittelija",
    "Helikopterilentäjä",
    "Hengenpelastaja",
    "Henkilöstökonsultti",
    "Henkivartija",
    "Hieroja",
    "Hirsitalon suunnittelija",
    "Hitsaaja",
    "Hollaaja",
    "Hovimestari",
    "Huolitsija",
    "Huoltoasematyöntekijä",
    "Huoltoasentaja",
    "Huoltoinsinööri",
    "Huoltomiesten esimies",
    "Huoltopäällikkö",
    "Huoltoteknikko",
    "Hyttisiivooja",
    "Hätäkeskuspäivystäjä",
    "Ikkunamyyjä",
    "Ikkunanpesijä",
    "Informaatikko",
    "Insinööri",
    "Isännöitsijä",
    "Jalkojenhoitaja",
    "Johtava korjausrakennesuunnittelija",
    "Johtava maatalouslomittaja",
    "Junasuorittaja",
    "Juotostarkastaja",
    "Juristi",
    "Juristilingvisti",
    "Järjestelmäasiantuntija",
    "Järjestyksenvalvoja",
    "Jäteautonkuljettaja",
    "Kadunrakennusmestari",
    "Kalastaja",
    "Kalastusmestari",
    "Kampaaja",
    "Kankuri",
    "Kansanedustaja",
    "Kanttori",
    "Kapellimestari",
    "Kapteeni",
    "Karkaisija",
    "Kartoittaja",
    "Kassanhoitaja",
    "Katusuunnitteluyksikön päällikkö",
    "Katutekniikan projektipäällikkö",
    "Kaupunginjohtaja",
    "Kehitysinsinööri",
    "Kehitysvammaisten hoitaja",
    "Kehitysvammaisten ohjaaja",
    "Keittiöpäällikkö",
    "Kelloseppä",
    "Kemisti",
    "Keramiikka- ja lasitaiteilija",
    "Keräilijä",
    "Kielenkääntäjä",
    "Kieliteknologi",
    "Kielten opettaja",
    "Kielten tutkija",
    "Kiertonainen",
    "Kiinteistönhoitaja",
    "Kiinteistönvälittäjä",
    "Kiinteistörakennusmestari",
    "Kirjailija",
    "Kirjanpitäjä",
    "Kirjastonhoitaja",
    "Kirurgi",
    "Kirvesmies",
    "Kiventekijä",
    "Kodinhoitaja",
    "Kokki",
    "Kondiittori",
    "Konduktööri",
    "Koneapulainen",
    "Koneistaja",
    "Konemestari",
    "Konservaattori",
    "Konsulentti",
    "Konsultti",
    "Korjausrakennesuunnittelija",
    "Korjaussuunnittelija",
    "Kosmetologi",
    "Kosteuskartoittaja",
    "Kotitalousneuvoja",
    "Kotitalousopettaja",
    "Kotiäiti",
    "Koulunkäyntiavustaja",
    "Koulupsykologi",
    "Koulutettu hieroja",
    "Koulutussuunnittelija",
    "Kriitikko",
    "Kuivausasentaja",
    "Kuivauskartoittaja",
    "Kuljetusalajohtaja",
    "Kultaseppä",
    "Kulttuurivälittäjä",
    "Kuluttajaneuvoja",
    "Kunnanjohtaja",
    "Kunnossapidon esimies",
    "Kunnossapitopäällikkö",
    "Kuntoarvioija",
    "Kuorma-autonkuljettaja",
    "Kuriiri",
    "Kustannustoimittaja",
    "Kutoja",
    "Kuulontutkija",
    "Kuvaaja",
    "Kuvaamataidon opettaja",
    "Kuvanauhoittaja",
    "Kuvanveistäjä",
    "Kuvaussihteeri",
    "Kuvittaja",
    "Käsikirjoittaja",
    "Kätilö",
    "Käyttöinsinööri",
    "Käyttöteknikko",
    "Kääntäjä",
    "LV-projektipäällikkö",
    "LVI-asentaja",
    "Laatuinsinööri",
    "Laatupäällikkö",
    "Laborantti",
    "Laboratorionhoitaja",
    "Laitoshuoltaja (päiväkoti yms.)",
    "Laitosmies",
    "Laivanrakennustaitaja",
    "Lakimies",
    "Lasinpuhaltaja",
    "Lasittaja",
    "Lastenhoitaja",
    "Lastentarhanopettaja",
    "Laulaja",
    "Lavastaja",
    "Lehdenjakaja",
    "Lehtori",
    "Leipuri",
    "Lennonjohtaja",
    "Lentoemäntä",
    "Lentäjä",
    "Levyseppä",
    "Lihanleikkaaja",
    "Liikenneinsinööri",
    "Liikennelentäjä",
    "Liikenneohjaaja",
    "Liikenneopettaja",
    "Liikennesuunnittelun projektipäällikkö",
    "Liiketoimintapäällikkö",
    "Liikunnanohjaaja",
    "Liikunnanopettaja",
    "Limnologi",
    "Linja-autonkuljettaja",
    "Lipuntarkastaja",
    "Logistiikan projektipäällikkö",
    "Lujuusopin taitaja",
    "Lukkoseppä",
    "Luokanopettaja",
    "Luotsi",
    "Luottoneuvoja",
    "Lupa-arkkitehti",
    "Lupainsinööri",
    "Lähetti",
    "Lähihoitaja",
    "Lämmittäjä",
    "Lääketyöntekijä",
    "Lääkintävahtimestari",
    "Lääkäri",
    "Lääninrovasti",
    "Maalari",
    "Maanhankintaininsinööri",
    "Maankäytön suunnittelija",
    "Maanmittausinsinööri",
    "Maanviljelijä",
    "Maatalouslomittaja",
    "Maataloustyöntekijä",
    "Maatalousyrittäjä",
    "Mainostenjakaja",
    "Mainosyrittäjä",
    "Majakanvartija",
    "Malli",
    "Markkinointipäällikkö",
    "Matemaatikko",
    "Matematiikan opettaja",
    "Matkailuneuvoja",
    "Matkailutiedottaja",
    "Matkaopas",
    "Matkatoimistovirkailija",
    "Media-assistentti",
    "Medianomi",
    "Mediasuunnittelija",
    "Meedio",
    "Meijeristi",
    "Mekaniikkasuunnittelija",
    "Mekaniikkasuunnittelupäällikkö",
    "Merikapteeni",
    "Merimies",
    "Merivartija",
    "Merkonomi",
    "Meteorologi",
    "Metrojunan kuljettaja",
    "Metsuri",
    "Metsäkoneenkuljettaja",
    "Metsänhoitaja",
    "Mielenterveyshoitaja",
    "Mielisairaanhoitaja",
    "Mikrotukihenkilö",
    "Monistaja",
    "Murskaamon työpäällikkö",
    "Museoamanuenssi",
    "Musiikinopettaja",
    "Muurari",
    "Muusikko",
    "Muuttomies",
    "Myyjä",
    "Myymälän kassanhoitaja",
    "Myymälänhoitaja",
    "Myymäläsuunnittelija",
    "Myynninedistäjä",
    "Myyntiedustaja",
    "Myyntineuvottelija",
    "Myyntipäällikkö",
    "Mänkimies",
    "Naprapaatti",
    "Neurologi",
    "Neuropsykologi",
    "Neuvontainsinööri",
    "Nimismies",
    "Notariaattisihteeri",
    "Nuohooja",
    "Nuoriso-ohjaaja",
    "Näyttelijä",
    "Näyttämömestari",
    "Ohjelmistoasiantuntija",
    "Ohjelmistosuunnittelija",
    "Ohjelmoija",
    "Oikolukija",
    "Ompelija-artesaani",
    "Opaskoirankouluttaja",
    "Opettaja",
    "Opinto-ohjaaja",
    "Optikko",
    "Ostaja",
    "Painaja",
    "Painopinnan valmistaja",
    "Pakettiautonkuljettaja",
    "Pakkaaja",
    "Palkanlaskija",
    "Pallittaja",
    "Palomestari",
    "Palomies",
    "Palopäällikkö",
    "Palotarkastaja",
    "Palovartija",
    "Palveluesimies",
    "Panimomestari",
    "Pankinjohtaja",
    "Pankkitoimihenkilö",
    "Panostaja",
    "Pappi",
    "Parturi",
    "Parturi-kampaaja",
    "Pastori",
    "Patriarkka",
    "Pelinhoitaja",
    "Pelisuunnittelija",
    "Peltiseppä",
    "Perheneuvolapsykologi",
    "Perhepäivähoitaja",
    "Personal trainer",
    "Perushoitaja",
    "Perämies",
    "Pianonvirittäjä",
    "Pieneläinhoitaja",
    "Piirtäjä",
    "Piispa",
    "Pizzakuski",
    "Poliisi",
    "Poliitikko",
    "Postinjakaja",
    "Postinlajittelija",
    "Projekti-insinööri",
    "Projektihenkilö",
    "Projektipäällikkö",
    "Prosessinhoitaja",
    "Proviisori",
    "Psykolingvisti",
    "Psykologi",
    "Puhelinvaihteen hoitaja",
    "Puheterapeutti",
    "Purseri",
    "Putkiasentaja",
    "Puuseppä",
    "Puutarhatyöntekijä",
    "Puutarhuri",
    "Pyöveli",
    "Päiväkotiapulainen",
    "Radio- ja tv-asentaja",
    "Rahastaja",
    "Raitiovaununkuljettaja",
    "Raittiussihteeri",
    "Rajatarkastaja",
    "Rajavartija",
    "Rakennesuunnittelija",
    "Rakennusapumies",
    "Rakennusarkkitehti",
    "Rakennusmaalari",
    "Rakennusmestari",
    "Rakennusmies",
    "Rakennusnosturinkuljettaja",
    "Rakennussuunnittelija",
    "Rakennussähkösuunnittelija",
    "Rakennuttaja-asiamies",
    "Raskaskalustoasentaja",
    "Rassaaja",
    "Ratatyöntekijä",
    "Ratsastuksenopettaja",
    "Rauhantarkkailija",
    "Rauhanturvaaja",
    "Rauhantutkija",
    "Ravintolapäällikkö",
    "Ravitsemusterapeutti",
    "Ravivalmentaja",
    "Rehtori",
    "Runoilija",
    "Ryhmäesimies",
    "Räätäli",
    "Röntgenhoitaja",
    "Röyslääjä",
    "Sairaala-apulainen",
    "Sairaanhoitaja",
    "Sanoittaja",
    "Sarjakuvapiirtäjä",
    "Savensotkija",
    "Savenvalaja",
    "Savusukeltaja",
    "Seksuaalineuvoja",
    "Seksuaaliterapeutti",
    "Seppä",
    "Setittäjä",
    "Seurakuntalehtori",
    "Seurakuntamestari",
    "Sihteeri",
    "Siirtoinsinööri",
    "Siirtoteknikko",
    "Siivooja",
    "Siivoustyönjohtaja",
    "Silmälääkäri",
    "Sisustusarkkitehti",
    "Sisustussuunnittelija",
    "Skreenintekijä",
    "Somistaja",
    "Sommelieeri",
    "Sorvari",
    "Sosiaalihoitaja",
    "Sosiaalijohtaja",
    "Sosiaalikasvattaja",
    "Sosiaaliohjaaja",
    "Sosiaalityöntekijä",
    "Sosiologi",
    "Sosionomi",
    "Sotilas",
    "Stuertti",
    "Stylisti",
    "Sukeltaja",
    "Suklaamestari",
    "Suntio",
    "Suuhygienisti",
    "Suunnittelija",
    "Suunnitteluesimies",
    "Suunnitteluinsinööri",
    "Suunnittelupäällikkö",
    "Suutari",
    "Syynääjä",
    "Syyttäjä",
    "Sähköasentaja",
    "Sähköasentajien esimies",
    "Sähköinsinööri",
    "Sähkösuunnittelija",
    "Sähkösuunnittelun projektipäällikkö",
    "Sähkötyönjohtaja",
    "Sähkötöiden projektinhoitaja",
    "Sähkövoimatekniikan projektipäällikkö",
    "Säveltäjä",
    "Taidemaalari",
    "Taideterapeutti",
    "Taksinkuljettaja",
    "Taksitarkastaja",
    "Tallentaja",
    "Talonmies",
    "Tanssija",
    "Tanssinopettaja",
    "Tarjoilija",
    "Tarkastusinsinööri",
    "Tatuoija",
    "Teknikko",
    "Teknillinen mekaaniikkataitaja",
    "Tekninen kirjoittaja",
    "Tekninen piirtäjä",
    "Tekninen tuotepäällikkö",
    "Teknisen työn opettaja",
    "Tekstiilityön opettaja",
    "Tekstinkäsittelijä",
    "Teollinen muotoilija",
    "Teollisuusapumies",
    "Teollisuussiivooja",
    "Teollisuusvartija",
    "Terminaalityöntekijä",
    "Terveydenhoitaja",
    "Terveyskeskuspsykologi",
    "Teurastaja",
    "Tiedottaja",
    "Tiemestari",
    "Tietekniikan projektipäällikkö",
    "Tietohallintopäällikkö",
    "Tietokirjailija",
    "Tietokoneasentaja",
    "Tietoliikenneasentaja",
    "Tietopalvelupäällikkö",
    "Tietoturva-asiantuntija",
    "Tiimipäällikkö",
    "Tilintarkastaja",
    "Tiskijukka (DJ)",
    "Toimialapäällikkö",
    "Toimintaterapeutti",
    "Toimistoarkkitehti",
    "Toimistoinsinööri",
    "Toimistopäällikkö",
    "Toimistosihteeri",
    "Toimistovirkailija",
    "Toimittaja",
    "Toimitusjohtaja",
    "Torimyyjä",
    "Tradenomi",
    "Tuholaistorjuja",
    "Tukkumyyjä",
    "Tulkki",
    "Tullaaja",
    "Tullivartija",
    "Tunneliporaaja",
    "Tuomioistuinlakimies",
    "Tuotantoinsinööri",
    "Tuotekehitysinsinööri",
    "Tuotepäällikkö",
    "Tuottaja",
    "Turkistarhaaja",
    "Turkkuri",
    "Tutkija",
    "Tutkijainsinööri",
    "Tutkimusassistentti",
    "Tutkimushaastattelija",
    "Työkaluviilaaja",
    "Työmaainsinööri",
    "Työmaamestari",
    "Työnjohtaja",
    "Työpäällikkö",
    "Työvoimaneuvoja",
    "Työvoimaohjaaja",
    "Työvuorosuunnittelija",
    "Tähtitieteilijä",
    "Uimaopettaja",
    "Uinninvalvoja",
    "Ulosottomies",
    "Upseeri",
    "Urheilija",
    "Urheiluhieroja",
    "Urheiluvalmentaja",
    "Uskonnon opettaja",
    "Vaatesuunnittelija",
    "Vaatturi",
    "Vahinkokartoittaja",
    "Vahtimestari",
    "Vaihdemies",
    "Vaihteenhoitaja",
    "Vakuutuskäsittelijä",
    "Valaistusmestari",
    "Valaistustarkkailija",
    "Valokuvaaja",
    "Valokuvamalli",
    "Valvonta-arkkitehti",
    "Vanginvartija",
    "Varastomies",
    "Varastonhoitaja",
    "Varastotyöntekijä",
    "Vartija",
    "Vastaanottovirkailija",
    "Vastaava mestari",
    "Vastaava työmaamestari",
    "Vastaava työnjohtaja",
    "Veneenrakentaja",
    "Verhoilija",
    "Verovirkailija",
    "Vesihuoltoalan asiantuntija",
    "Veturinkuljettaja",
    "Viemärisukeltaja",
    "Viittomakielen tulkki",
    "Virkailija",
    "Voimalaitospäällikkö",
    "Vuorotyönjohtaja",
    "Vähittäiskauppias",
    "Väylätekniikan asiantuntija",
    "Webmaster",
    "Yhdyskuntatekniikan insinööri",
    "Yhdyskuntatekniikan rakennusmestari",
    "Yhteiskuntatutkija",
    "Yhteisöpedagogi",
    "Yhteyssihteeri",
    "Yksikön päällikkö",
    "Yksityisetsivä",
    "Yksityisyrittäjä",
    "Yliopettaja",
    "Ylipanostaja",
    "Ympäristönsuojelusihteeri",
    "Ympäristönsuojelutarkastaja",
    "Yrittäjä",
    "Yrityslakimies",
    "Äidinkielen opettaja",
    "Äänitarkkailija",
    "Äänittäjä"
  ],
  "political_views": [
    "Kommunistinen",
    "Liberaali",
    "Libertaari",
    "Pidättyvä",
    "Sosialistinen",
    "Vanhoillinen",
    "Välinpitämätön",
    "Äärivanhoillinen"
  ],
  "surnames": [
    "Aalto",
    "Aaltonen",
    "Aho",
    "Ahola",
    "Ahonen",
    "Ahtisaari",
    "Airaksinen",
    "Aittoniemi",
    "Alamäki",
    "Alanen",
    "Alatalo",
    "Alho",
    "Annala",
    "Anttila",
    "Anttonen",
    "Aravirta",
    "Arola",
    "Asikainen",
    "Eerola",
    "Elo",
    "Erkkilä",
    "Erkko",
    "Ervasti",
    "Eskelinen",
    "Eskola",
    "Haapala",
    "Haapalainen",
    "Haapanen",
    "Haavisto",
    "Hakala",
    "Hakkarainen",
    "Hakulinen",
    "Halme",
    "Halonen",
    "Hannula",
    "Hanski",
    "Harju",
    "Harjula",
    "Harkimo",
    "Harri",
    "Hartikainen",
    "Hassinen",
    "Hautala",
    "Heikkilä",
    "Heikkinen",
    "Heino",
    "Heinola",
    "Heinonen",
    "Heinänen",
    "Heiskanen",
    "Helminen",
    "Hemilä",
    "Hietala",
    "Hietanen",
    "Hiltunen",
    "Hirvensalo",
    "Hirvonen",
    "Hokkanen",
    "Holkeri",
    "Hollo",
    "Holopainen",
    "Honkala",
    "Honkanen",
    "Huhtala",
    "Huhtamäki",
    "Huovinen",
    "Hurme",
    "Huttu-Juntunen",
    "Huttunen",
    "Huuskonen",
    "Hynninen",
    "Hynynen",
    "Hyttinen",
    "Hytönen",
    "Hyvärinen",
    "Hyvönen",
    "Hyytiäinen",
    "Häkkinen",
    "Häkämies",
    "Hämäläinen",
    "Hänninen",
    "Härkönen",
    "Härmälä",
    "Ignatius",
    "Ihalainen",
    "Iivonen",
    "Ikonen",
    "Ilves",
    "Immonen",
    "Inha",
    "Isometsä",
    "Isotalo",
    "Itkonen",
    "Itälä",
    "Jaakkola",
    "Jaakola",
    "Jaatinen",
    "Jalkanen",
    "Jalonen",
    "Janhunen",
    "Jantunen",
    "Joensuu",
    "Jokela",
    "Jokelainen",
    "Jokinen",
    "Joutsen",
    "Juhola",
    "Junnila",
    "Junttila",
    "Juntunen",
    "Jussila",
    "Jussilainen",
    "Juvonen",
    "Jämsä",
    "Järvelä",
    "Järveläinen",
    "Järvenpää",
    "Järvi",
    "Järvinen",
    "Kaila",
    "Kajaani",
    "Kallela",
    "Kallio",
    "Kalliomäki",
    "Kanerva",
    "Kangas",
    "Kangasniemi",
    "Kankkunen",
    "Kantola",
    "Kapanen",
    "Kare",
    "Karhu",
    "Kari",
    "Karjala",
    "Karjalainen",
    "Karppinen",
    "Karttunen",
    "Karvinen",
    "Karvonen",
    "Kauhanen",
    "Kauko",
    "Kauppi",
    "Kauppila",
    "Kauppinen",
    "Kekkonen",
    "Kemppainen",
    "Keränen",
    "Keskinen",
    "Keskitalo",
    "Ketola",
    "Kettunen",
    "Kiljunen",
    "Kilpiäinen",
    "Kilponen",
    "Kimmo",
    "Kinnunen",
    "Kivelä",
    "Kivi",
    "Kivimäki",
    "Kivinen",
    "Klemetti",
    "Knuutila",
    "Kohonen",
    "Koistinen",
    "Koivisto",
    "Koivu",
    "Koivula",
    "Koivunen",
    "Koivuniemi",
    "Kokko",
    "Kokkola",
    "Kokkonen",
    "Kolehmainen",
    "Kolkka",
    "Komulainen",
    "Kontiainen",
    "Koponen",
    "Korhonen",
    "Korjus",
    "Korpela",
    "Koskela",
    "Koski",
    "Koskinen",
    "Kotilainen",
    "Kotka",
    "Kuisma",
    "Kuitunen",
    "Kujala",
    "Kukkonen",
    "Kulmala",
    "Kummola",
    "Kumpulainen",
    "Kuoppala",
    "Kuosmanen",
    "Kuusela",
    "Kuusisto",
    "Kähkönen",
    "Kärkkäinen",
    "Kärppä",
    "Kääriäinen",
    "Laakkonen",
    "Laakso",
    "Laaksonen",
    "Lahtela",
    "Lahti",
    "Lahtinen",
    "Laine",
    "Laitila",
    "Laitinen",
    "Lajunen",
    "Lappalainen",
    "Lappi",
    "Lassila",
    "Latvala",
    "Laukkanen",
    "Laurila",
    "Lehikoinen",
    "Lehti",
    "Lehtinen",
    "Lehto",
    "Lehtola",
    "Lehtonen",
    "Leino",
    "Leinonen",
    "Lepistö",
    "Leppälä",
    "Leppänen",
    "Leskinen",
    "Liikanen",
    "Liimatainen",
    "Linna",
    "Lipponen",
    "Litmanen",
    "Liukka",
    "Liukkonen",
    "Luoma",
    "Lähteenmäki",
    "Löppönen",
    "Madetoja",
    "Maijala",
    "Makkonen",
    "Malinen",
    "Mannerheim",
    "Manninen",
    "Markkanen",
    "Markkula",
    "Marttila",
    "Marttinen",
    "Mattila",
    "Maunu",
    "Meri",
    "Miettinen",
    "Mikkola",
    "Mikkonen",
    "Moilanen",
    "Murtovaara",
    "Mustonen",
    "Muurinen",
    "Myllylä",
    "Myllyniemi",
    "Myllys",
    "Mäenpää",
    "Mäkelä",
    "Mäkeläinen",
    "Mäki",
    "Mäkilä",
    "Mäkinen",
    "Mäkitalo",
    "Mäntylä",
    "Määttä",
    "Mönkkönen",
    "Mönkäre",
    "Mörttinen",
    "Möttölä",
    "Nenonen",
    "Nevalainen",
    "Niemelä",
    "Niemi",
    "Nieminen",
    "Niinistö",
    "Nikkilä",
    "Nikula",
    "Niskala",
    "Niskanen",
    "Nummela",
    "Nurmi",
    "Nurminen",
    "Nykänen",
    "Oinonen",
    "Oiva",
    "Oivio",
    "Ojala",
    "Oksanen",
    "Olli",
    "Ollila",
    "Paananen",
    "Paasilinna",
    "Paasio",
    "Paatelainen",
    "Paavola",
    "Pakarinen",
    "Palander",
    "Palo",
    "Parantainen",
    "Partanen",
    "Parviainen",
    "Pasanen",
    "Pehkonen",
    "Pekkala",
    "Pekkanen",
    "Pekkarinen",
    "Pelkonen",
    "Peltola",
    "Peltonen",
    "Pennanen",
    "Pentti",
    "Penttilä",
    "Penttinen",
    "Perttula",
    "Perälä",
    "Pesonen",
    "Pietarila",
    "Pietarinen",
    "Pietilä",
    "Pihkala",
    "Piirainen",
    "Pirhonen",
    "Pirinen",
    "Pitkänen",
    "Posti",
    "Poutiainen",
    "Prinkkala",
    "Puhakka",
    "Pukki",
    "Pulkkinen",
    "Pulliainen",
    "Puranen",
    "Puurunen",
    "Pärssinen",
    "Päätalo",
    "Raatikainen",
    "Rahkonen",
    "Raita",
    "Rajala",
    "Ranta",
    "Rantala",
    "Rantanen",
    "Ratilainen",
    "Rauhala",
    "Rautamaa",
    "Rautiainen",
    "Rautio",
    "Rehn",
    "Reijonen",
    "Reinikainen",
    "Rekola",
    "Repo",
    "Riihimäki",
    "Riikonen",
    "Rissanen",
    "Ronkainen",
    "Ruohonen",
    "Ruotsalainen",
    "Rytkönen",
    "Ryynänen",
    "Räikkönen",
    "Räisänen",
    "Räsänen",
    "Räty",
    "Saarela",
    "Saarelainen",
    "Saari",
    "Saarijärvi",
    "Saarinen",
    "Salmela",
    "Salmi",
    "Salminen",
    "Salo",
    "Salonen",
    "Sariola",
    "Sasi",
    "Savela",
    "Savolainen",
    "Selänne",
    "Seppälä",
    "Seppänen",
    "Sibelius",
    "Siekkinen",
    "Siimes",
    "Siitonen",
    "Siivonen",
    "Sillanpää",
    "Siltala",
    "Siltanen",
    "Silvennoinen",
    "Simola",
    "Simonen",
    "Sirkka",
    "Soini",
    "Soininen",
    "Somerkoski",
    "Sonninen",
    "Soro",
    "Sundqvist",
    "Suojanen",
    "Suolahti",
    "Suomala",
    "Suomalainen",
    "Suomi",
    "Suominen",
    "Sutela",
    "Tainio",
    "Taivalkoski",
    "Tammi",
    "Tamminen",
    "Tanner",
    "Tanskanen",
    "Tapio",
    "Terho",
    "Tervo",
    "Tiihonen",
    "Tiilikainen",
    "Tiitinen",
    "Tikkanen",
    "Timonen",
    "Toivanen",
    "Toivonen",
    "Tolonen",
    "Tolvanen",
    "Torvinen",
    "Toskala",
    "Tuomaala",
    "Tuomainen",
    "Tuomela",
    "Tuominen",
    "Tuomioja",
    "Tuomisto",
    "Tuomola",
    "Tuovinen",
    "Turpeinen",
    "Turtiainen",
    "Turunen",
    "Tähtinen",
    "Ukkonen",
    "Uljas",
    "Uosukainen",
    "Uotila",
    "Urpilainen",
    "Uusitalo",
    "Vainio",
    "Valkama",
    "Valkonen",
    "Valtonen",
    "Vanhanen",
    "Vanhatalo",
    "Varis",
    "Varma",
    "Varonen",
    "Vartiainen",
    "Vasara",
    "Vennamo",
    "Venäläinen",
    "Vepsäläinen",
    "Vesa",
    "Viinanen",
    "Viitala",
    "Viitanen",
    "Viljanen",
    "Vilppula",
    "Virolainen",
    "Virta",
    "Virtanen",
    "Vuorela",
    "Vuorinen",
    "Väistö",
    "Väisänen",
    "Välimaa",
    "Väyrynen",
    "Waris",
    "Wirtanen",
    "Ylitalo",
    "Yrjölä"
  ],
  "title": {
    "female": {
      "typical": [
        "Rouva",
        "Neiti"
      ],
      "academic": [
        "LkT",
        "Lic.Sc."
      ]
    },
    "male": {
      "typical": [
        "Herra"
      ],
      "academic": [
        "LkT",
        "Lic.Sc."
      ]
    }
  },
  "university": [
    "Helsingin yliopisto",
    "Itä-Suomen yliopisto",
    "Jyväskylän yliopisto",
    "Lapin yliopisto",
    "Lappeenrannan teknillinen yliopisto",
    "Maanpuolustuskorkeakoulu",
    "Oulun yliopisto",
    "Svenska handelshögskolan",
    "Taideyliopisto",
    "Tampereen teknillinen yliopisto",
    "Tampereen yliopisto",
    "Turun yliopisto",
    "Vaasan yliopisto",
    "Åbo Akademi"
  ],
  "views_on": [
    "Kompromissi",
    "Negatiivinen",
    "Neutraali",
    "Positiivinen",
    "Todella negatiivinen"
  ],
  "worldview": [
    "Agnostisismi",
    "Ateismi",
    "Buddhalaisuus",
    "Hindulaisuus",
    "Humanismi",
    "Katolisuus",
    "Panteismi",
    "Protestantit"
  ],
  "telephone_fmt": [
    "+358 ## ### ####",
    "+358 # ### ####"
  ]
}
