{
  "address_fmt": "{st_num} {st_sfx} {st_name}",
  "city": [
    "أجيم",
    "أريانة",
    "أزمور",
    "أكودة",
    "الأحواز-لسودة",
    "الأعشاش",
    "البرادعة",
    "البساتين",
    "البطان",
    "البقالطة",
    "التضامن-المنيهلة",
    "الجديدة",
    "الجريصة",
    "الجم",
    "الجواودة",
    "الحاجب",
    "الحامة",
    "الحبابسة",
    "الحبيب ثامر-بوعطوش",
    "الحشاشنة",
    "الحكائمة",
    "الحمامات",
    "الحنشة",
    "الخمايرية",
    "الدندان",
    "الدهماني",
    "الذهيبة",
    "الرخمات",
    "الرديف",
    "الرقاب",
    "الروحية",
    "الزارات",
    "الزريبة",
    "الزهراء",
    "الزهور",
    "الزهور",
    "الساحلين",
    "السبالة",
    "السبيخة",
    "السعيدة",
    "السلوقية",
    "السند",
    "السواسي",
    "الشابة",
    "الشبيكة",
    "الشرائطية-القصور",
    "الشراردة",
    "الشرايع - مشرق الشمس",
    "الشيحية",
    "الصخيرة",
    "الصمار",
    "الصمعة",
    "العالية",
    "العامرة",
    "العروسة",
    "العلا",
    "العمايم",
    "العوابد-الخزانات",
    "العين",
    "العين البيضاء",
    "العيون",
    "الغريبة",
    "الغنادة",
    "الفحص",
    "الفوار",
    "القريمات-هيشر",
    "القصر",
    "القصرين",
    "القصور",
    "القطار",
    "القلعة",
    "القلعة - المعدن-فرقصان",
    "القلعة الخصبة",
    "القلعة الصغرى",
    "القلعة الكبرى",
    "القيروان",
    "الكاف",
    "الكرم",
    "الكريب",
    "الماتلين",
    "المتلوي",
    "المحرس",
    "المحمدية-فوشانة",
    "المرجى",
    "المرسى",
    "المروج",
    "المزونة",
    "المسدور",
    "المسعدين",
    "المطوية",
    "المظيلة",
    "المعقولة",
    "المعمورة",
    "المكناسي",
    "المنستير",
    "المنصورة",
    "المنيهلة",
    "المهدية",
    "الميدة",
    "الناظور",
    "الناظور-سيدي علي بن عابد",
    "النصر",
    "النفيضة",
    "النور",
    "الهوارية",
    "الوردانين",
    "الوسلاتية",
    "أم العرائس",
    "أوتيك",
    "أولاد الشامخ",
    "أولاد حفوز",
    "باجة",
    "بئر الأحمر",
    "بئر الحفي",
    "بئر المشارقة",
    "بئر علي",
    "باردو",
    "باطن الغزال",
    "بالخير",
    "برج العامري",
    "برقو",
    "بشري-فطناسة",
    "بشلي-الجرسين-البليدات",
    "بلطة بوعوان",
    "بن عروس",
    "بنان-بوضر",
    "بنبلة",
    "بنزرت",
    "بنقردان",
    "بنور",
    "بني حسان",
    "بني خداش",
    "بني خلاد",
    "بني خيار",
    "بني مطير",
    "بهرة",
    "بو حجلة",
    "بوحجر",
    "بوزقام",
    "بوسالم",
    "بوشراي-الشريفات",
    "بوشمة",
    "بوعرادة",
    "بوعرقوب",
    "بوغرارة",
    "بوفيشة",
    "بومرداس",
    "بومهل البساتين",
    "تاجروين",
    "تازركة",
    "تاكلسة",
    "تالة",
    "تبرسق",
    "تبلبو",
    "تزغران-زاوية المقايز",
    "تستور",
    "تطاوين",
    "تلابت",
    "تلالسة",
    "تمغزة",
    "توزر",
    "تونس",
    "تيبار",
    "تينجة",
    "جبل الوسط",
    "جبنيانة",
    "جدليان",
    "جرجيس",
    "جرجيس الشمالية",
    "جلمة",
    "جمال",
    "جمنة",
    "جندوبة",
    "جهينة",
    "جومين",
    "حاجب العيون",
    "حاسي الفريد",
    "حامة الجريد",
    "حزق-اللوزة",
    "حزوة",
    "حفوز",
    "حلق الوادي",
    "حمام الأغزاز",
    "حمام الأنف",
    "حمام الشط",
    "حمام سوسة",
    "حومة السوق",
    "حيدرة",
    "خليدية",
    "خمودة",
    "خنيس",
    "دار شعبان الفهري",
    "دار علوش",
    "دخيلة توجان",
    "دقاش",
    "دوار هيشر",
    "دوز",
    "رادس",
    "رأس الجبل",
    "رجيش",
    "رجيم معتوق",
    "رحال",
    "رفراف",
    "رقادة",
    "رمادة",
    "رواد",
    "زالبة",
    "زانوش",
    "زاوية الجديدي",
    "زاوية سوسة",
    "زاوية قنطش",
    "زرمدين",
    "زعفرانة - دير الكاف",
    "زغوان",
    "ساقية الدائر",
    "ساقية الزيت",
    "ساقية سيدي يوسف",
    "سبيبة",
    "سبيطلة",
    "سجنان",
    "سرس",
    "سكرة",
    "سليانة",
    "سليمان",
    "سوسة",
    "سوق الأحد",
    "سوق الجديد",
    "سوق_السبت",
    "سيدي اسماعيل",
    "سيدي الجديدي",
    "سيدي الهاني",
    "سيدي بنور",
    "سيدي بو سعيد",
    "سيدي بوبكر",
    "سيدي بورويس",
    "سيدي بوزيد",
    "سيدي بوعلي",
    "سيدي ثابت",
    "سيدي حسين",
    "سيدي زيد-أولاد مولاهم",
    "سيدي عامر",
    "سيدي علوان",
    "سيدي علي بن عون",
    "سيدي عيش",
    "سيدي مخلوف",
    "سيدي مرشد",
    "سيسب - الدريعات",
    "شراحيل",
    "شربان",
    "شط مريم",
    "شننّي-النحال",
    "شنني-دويرات",
    "شواشي",
    "صفاقس",
    "صواف",
    "صيادة",
    "طبربة",
    "طبرقة",
    "طبلبة",
    "طوزة",
    "طويرف",
    "طينة",
    "عبيدة",
    "عقارب",
    "عمدون",
    "عميرة التوازرة",
    "عميرة الحجاج",
    "عميرة الفحول",
    "عوسجة",
    "عين الخمايسية",
    "عين الصبح-الناظور",
    "عين جلولة",
    "عين دراهم",
    "غار الدماء",
    "غار الملح",
    "غزالة",
    "غمراسن",
    "غنوش",
    "فرنانة",
    "فريانة",
    "فندق الجديد-سلتان",
    "فوسانة",
    "فوشانة",
    "قابس",
    "قبلاط",
    "قربة",
    "قربص",
    "قرطاج",
    "قرقنة",
    "قرمبالية",
    "قرمدة",
    "قصر هلال",
    "قصور الساف",
    "قصيبة الثريات",
    "قصيبة المديوني",
    "قعفور",
    "قفصة",
    "قلعة الأندلس",
    "قلعة سنان",
    "قليبية",
    "ڨبلي",
    "كتانة",
    "كركر",
    "كسرى",
    "كندار",
    "لالة",
    "لمطة",
    "ماجل بلعباس",
    "مارث",
    "ماطر",
    "مجاز الباب",
    "مدنين",
    "مرناق",
    "مرناقية",
    "مساكن",
    "مطماطة",
    "مطماطة الجديدة",
    "مقرين",
    "مكثر",
    "مكنين",
    "ملولش",
    "منزل الحبيب",
    "منزل الحياة",
    "منزل المهيري",
    "منزل النور",
    "منزل بورقيبة",
    "منزل بوزلفة",
    "منزل بوزيان",
    "منزل تميم",
    "منزل جميل",
    "منزل حر",
    "منزل سالم",
    "منزل شاكر",
    "منزل عبد الرحمان",
    "منزل فارسي",
    "منزل كامل",
    "منوبة",
    "ميدون",
    "نابل",
    "نبر",
    "نصر الله",
    "نعسان",
    "نفزة",
    "نفطة",
    "هبيرة",
    "هرقلة",
    "واد الليل",
    "وادي مليز",
    "وذرف",
    "وشتاتة-الجميلة"
  ],
  "country": {
    "current_locale": "الجزائر",
    "name": [
      "أفغانستان",
      "ألبانيا",
      "الجزائر",
      "أندورا",
      "أنغولا",
      "الأرجنتين",
      "أرمينيا",
      "أستراليا",
      "النمسا",
      "أذربيجان",
      "البهاما",
      "البحرين",
      "بنغلاديش",
      "باربادوس",
      "بيلاروسيا",
      "بلجيكا",
      "بليز",
      "بنين",
      "بوتان",
      "بوليفيا",
      "البوسنة والهرسك",
      "بوتسوانا",
      "البرازيل",
      "بروناي",
      "بلغاريا",
      "بوركينا فاسو",
      "بوروندي",
      "كمبوديا",
      "الكاميرون",
      "كندا",
      "الرأس الأخضر",
      "جمهورية أفريقيا الوسطى",
      "تشاد",
      "تشيلي",
      "الصين",
      "كولومبيا",
      "جزر القمر",
      "الكونغو",
      "الكونغو الديمقراطية",
      "كوستاريكا",
      "كرواتيا",
      "كوبا",
      "قبرص",
      "التشيك",
      "الدنمارك",
      "جيبوتي",
      "دومينيكا",
      "جمهورية الدومينيكان",
      "تيمور الشرقية",
      "الإكوادور",
      "مصر",
      "السلفادور",
      "غينيا الاستوائية",
      "إريتريا",
      "إستونيا",
      "إسواتيني",
      "إثيوبيا",
      "فيجي",
      "فنلندا",
      "فرنسا",
      "الغابون",
      "غامبيا",
      "جورجيا",
      "ألمانيا",
      "غانا",
      "اليونان",
      "غرينادا",
      "غواتيمالا",
      "غينيا",
      "غينيا بيساو",
      "غيانا",
      "هايتي",
      "هندوراس",
      "المجر",
      "آيسلندا",
      "الهند",
      "إندونيسيا",
      "إيران",
      "العراق",
      "إيرلندا",
      "إيطاليا",
      "ساحل العاج",
      "جامايكا",
      "اليابان",
      "الأردن",
      "كازاخستان",
      "كينيا",
      "كيريباتي",
      "كوريا الشمالية",
      "كوريا الجنوبية",
      "الكويت",
      "قرغيزستان",
      "لاوس",
      "لاتفيا",
      "لبنان",
      "ليسوتو",
      "ليبيريا",
      "ليبيا",
      "ليختنشتاين",
      "ليتوانيا",
      "لوكسمبورغ",
      "مدغشقر",
      "مالاوي",
      "ماليزيا",
      "جزر المالديف",
      "مالي",
      "مالطا",
      "جزر مارشال",
      "موريتانيا",
      "موريشيوس",
      "المكسيك",
      "ميكرونيزيا",
      "مولدوفا",
      "موناكو",
      "منغوليا",
      "الجبل الأسود",
      "المغرب",
      "موزمبيق",
      "ميانمار",
      "ناميبيا",
      "ناورو",
      "نيبال",
      "هولندا",
      "نيوزيلندا",
      "نيكاراغوا",
      "النيجر",
      "نيجيريا",
      "مقدونيا الشمالية",
      "النرويج",
      "عمان",
      "باكستان",
      "بالاو",
      "بنما",
      "بابوا غينيا الجديدة",
      "باراغواي",
      "بيرو",
      "الفلبين",
      "بولندا",
      "البرتغال",
      "قطر",
      "رومانيا",
      "روسيا",
      "رواندا",
      "سانت كيتس ونيفيس",
      "سانت لوسيا",
      "سانت فنسنت والغرينادين",
      "ساموا",
      "سان مارينو",
      "ساو تومي وبرينسيب",
      "السعودية",
      "السنغال",
      "صربيا",
      "سيشيل",
      "سيراليون",
      "سنغافورة",
      "سلوفاكيا",
      "سلوفينيا",
      "جزر سليمان",
      "الصومال",
      "جنوب أفريقيا",
      "إسبانيا",
      "سريلانكا",
      "السودان",
      "سورينام",
      "السويد",
      "سويسرا",
      "سوريا",
      "تايوان",
      "طاجيكستان",
      "تنزانيا",
      "تايلاند",
      "توغو",
      "تونغا",
      "ترينيداد وتوباغو",
      "تونس",
      "تركيا",
      "تركمانستان",
      "توفالو",
      "أوغندا",
      "أوكرانيا",
      "الإمارات العربية المتحدة",
      "المملكة المتحدة",
      "الولايات المتحدة الأمريكية",
      "أوروغواي",
      "أوزبكستان",
      "فانواتو",
      "فنزويلا",
      "فيتنام",
      "اليمن",
      "زامبيا",
      "زيمبابوي"
    ]
  },
  "continent": [
    "افريقيا",
    "أمريكا الشمالية",
    "أمريكا الجنوبية",
    "القطب الجنوبي",
    "اسيا",
    "اوروبا",
    "أوقيانوسيا"
  ],
  "state": {
    "abbr": [
      "01",
      "02",
      "03",
      "04",
      "05",
      "06",
      "07",
      "08",
      "09",
      "10",
      "11",
      "12",
      "13",
      "14",
      "15",
      "16",
      "17",
      "18",
      "19",
      "20",
      "21",
      "22",
      "23"
    ],
    "name": [
      "أريانة",
      "القصرين",
      "القيروان",
      "الكاف",
      "المنستير",
      "المهدية",
      "باجة",
      "بن عروس",
      "بنزرت",
      "تطاوين",
      "توزر",
      "تونس",
      "جندوبة",
      "زغوان",
      "سليانة",
      "سوسة",
      "سيدي بوزيد",
      "صفاقس",
      "قابس",
      "قبلي",
      "قفصة",
      "مدنين",
      "منوبة",
      "نابل"
    ]
  },
  "street": {
    "suffix": [
      "شارع",
      "طريق",
      "نهج",
      "حديقة",
      "ساحة",
      "حظيرة",
      "معبر",
      "مقطع"
    ],
    "name": [
         "الأساسي",
    "الأسد",
    "الأسواق",
    "الأسواق الكبرى",
    "الأطلس",
    "الأفق",
    "الأمان",
    "الأمانة",
    "الأمل",
    "الأندلس",
    "الأنوار",
    "الإخلاص",
    "الإسلام",
    "الابتكار",
    "الاستقلال",
    "الاستقلال الثاني",
    "البحر",
    "البرج",
    "البرج الأخضر",
    "البرجوازية",
    "البركة",
    "البركة الأولى",
    "التحرير",
    "التحرير الأول",
    "التضامن",
    "التعاون",
    "التعاون الأول",
    "التقدم",
    "التنمية",
    "الجزيرة",
    "الجميلة",
    "الجودة",
 "الحبيب بورقيبة",
    "الحرش",
    "الحرية",
    "الحسينية",
    "الحياة",
    "الحياة الجديدة",
    "الخليج",
    "الراحة",
    "الراشد",
    "الربيع",
    "الربيع الأول",
    "الرحاب",
    "الرشيد",
    "الرفاه",
    "الرفيق",
    "الرقم السابع",
    "الزاوية",
    "الزعيم",
    "الزهراء",
    "السرور",
    "السعادة",
    "السعادة الكبرى",
    "الشاطئ",
    "الشعبي",
    "الشهداء",
    "الصفاء",
    "الضوء",
    "الطاهر صفر",
    "الطريق الآمن",
    "الطريق الجديدة",
    "الطريق الرئيسي",
    "الطريق السريع",
    "الطريق القديم",
    "الطموح",
    "العبور",
    "العرش",
    "العروبة",
    "العزة",
    "العودة",
    "الفتح",
    "الفرات",
    "الفرج",
    "الفوز",
    "الفيحاء",
    "القدس",
    "الكتبية",
    "الكرامة",
    "المؤتمر",
    "المجد",
    "المجد الأول",
    "المدينة الجديدة",
    "المرحلة",
    "المرسى",
    "المستقبل",
    "المستقبل الأول",
    "المسعودية",
    "المشرف",
    "المعالي",
    "المغرب العربي",
    "المميز",
    "المنار",
    "النجاح",
    "النجمة",
    "النزهة",
    "النصر",
    "النهضة",
    "النهضة الثانية",
    "النهضة الجديدة",
    "النور",
    "الهادي",
    "الهدوء",
    "الهدى",
    "الواحة",
    "الوسط",
    "عمر المختار",
    "محمد الخامس"
    ]
  },
  "postal_code_fmt": "#####"
}
