{
  "company": {
    "name": [
    "أوراسكوم للإنشاءات",
    "الشركة المصرية للاتصالات",
    "الشركة القابضة لمياه الشرب والصرف الصحي",
    "الشرقية للدخان",
    "البنك الأهلي المصري",
    "البنك التجاري الدولي",
    "الحديد والصلب المصرية",
    "مجموعة طلعت مصطفى",
    "شركة السويدي إلكتريك",
    "شركة النصر للكيماويات",
    "مجموعة مصر للتأمين",
    "شركة بيبسيكو",
    "شركة جلوبال تليكوم",
    "شركة سوني",
    "شركة فودافون مصر",
    "شركة موبينيل",
    "شركة رينو",
    "شركة جوجل",
    "شركة مايكروسوفت",
    "شركة أبل",
    "شركة هاي تك",
    "شركة نيسان",
    "شركة تويوتا",
    "شركة نيسان موتورز",
    "شركة سامسونج",
    "شركة شل",
    "شركة توتال",
    "شركة كيا موتورز",
    "شركة ميني",
    "شركة أودي",
    "شركة مرسيدس بنز",
    "شركة جيلي",
    "شركة سوزوكي",
    "شركة كرايسلر",
    "شركة فيات",
    "شركة هوندا",
    "شركة جيب",
    "شركة لكزس",
    "شركة دودج",
    "شركة شيفروليه",
    "شركة بي إم دبليو",
    "شركة أستون مارتين",
    "شركة لاند روفر",
    "شركة فولكس فاجن",
    "شركة كاديلاك",
    "شركة إنفينيتي",
    "شركة ألبين",
    "شركة ألفا روميو",
    "شركة بنتلي",
    "شركة لوتس",
    "شركة مازدا",
    "شركة ميتسوبيشي",
    "شركة رام",
    "شركة تسلا",
    "شركة فولفو",
    "شركة بوجاتي",
    "شركة أوبل",
    "شركة لادا",
    "شركة سانج يونج",
    "شركة ايسوزو",
    "شركة سوبارو",
    "شركة باجاج",
    "شركة هارلي ديفيدسون",
    "شركة هينو",
    "شركة دايو"
    ],
    "type": {
      "abbr": [
    "شركة مساهمة",
    "شركة ذات مسؤولية محدودة",
    "شركة تضامن",
    "شركة توصية بسيطة",
    "شركة ذات مسؤولية محدودة (ش.م.م)",
    "شركة فردية",
    "شركة أجنبية",
    "شركة مختلطة",
    "شركة مساهمة خاصة",
    "شركة تكنولوجيا",
    "شركة خدمات",
    "شركة صناعية",
    "شركة تجارية"
      ],
      "title": [
    "شركة مساهمة",
    "شركة ذات مسؤولية محدودة",
    "شركة تضامن",
    "شركة توصية بسيطة",
    "شركة ذات مسؤولية محدودة (ش.م.م)",
    "شركة فردية",
    "شركة أجنبية",
    "شركة مختلطة",
    "شركة مساهمة خاصة",
    "شركة تكنولوجيا",
    "شركة خدمات",
    "شركة صناعية",
    "شركة تجارية"
      ]
    }
  },
  "currency-code": "ج.م.",
  "price-format": "####;##",
  "numeric-decimal": ".",
  "numeric-thousands": ",",
  "numeric-frac-digits": 2
}
