{
  "banks": [
    "بنك مصر",
    "البنك الأهلي المصري",
    "بنك القاهرة",
    "البنك الزراعي المصري",
    "بنك التنمية الصناعية",
    "المصرف المتحد",
    "البنك العقاري المصري العربي",
    "بنك التعمير والإسكان",
    "البنك المصري لتنمية الصادرات",
    "البنك التجاري الدولي",
    "بنك الاستثمار العربي",
    "بنك فيصل الإسلامي المصري",
    "بنك أبوظبي الأول",
    "بنك الإمارات دبي الوطني",
    "بنك أبو ظبي التجاري",
    "بنك المشرق",
    "مصرف أبوظبي الإسلامي",
    "البنك الأهلي المتحد - مصر",
    "بنك البركة مصر",
    "بنك المؤسسة العربية المصرفية",
    "البنك الأهلي الكويتي",
    "بنك الكويت الوطني",
    "بنك بلوم مصر",
    "بنك عَوده",
    "بنك قطر الوطني الأهلي",
    "البنك العربي",
    "التجاري وفا بنك",
    "بنك الإسكندرية",
    "كريدي أجريكول",
    "إتش إس بي سي مصر",
    "البنك الأهلي اليوناني",
    "سيتي بنك",
    "البنك العربي الأفريقي الدولي",
    "ميد بنك",
    "المصرف العربي الدولي",
    "بنك الشركة المصرفية العربية الدولية",
    "بنك قناة السويس",
    "البنك المصري الخليجي",
    "بنك الاستثمار القومي",
    "بنك ناصر الاجتماعي",
    "بي أن واي ميلون",
    "البنك التجاري الألماني",
    "بنك مونتي دي باشي دي سيينا",
    "اتحاد المصارف العربية والفرنسية",
    "دويتشه بنك",
    "إنتيسا سان باولو",
    "جي بي مورغان تشيس",
    "بنك إم يو أف جي",
    "كريدي سويس",
    "الائتمان الصناعي والتجاري",
    "ناتيكسيس",
    "شركة ميتسوي سوميتومو المصرفية",
    "ستاندرد تشارترد",
    "البنك السوداني المصري",
    "بنك التنمية الصيني",
    "بنك تركيا للأعمال",
    "كايكسا بنك"
  ],
  "company": {
    "name": [
    "أوراسكوم للإنشاءات",
    "الشركة المصرية للاتصالات",
    "الشركة القابضة لمياه الشرب والصرف الصحي",
    "الشرقية للدخان",
    "البنك الأهلي المصري",
    "البنك التجاري الدولي",
    "الحديد والصلب المصرية",
    "مجموعة طلعت مصطفى",
    "شركة السويدي إلكتريك",
    "شركة النصر للكيماويات",
    "مجموعة مصر للتأمين",
    "شركة بيبسيكو",
    "شركة جلوبال تليكوم",
    "شركة سوني",
    "شركة فودافون مصر",
    "شركة موبينيل",
    "شركة رينو",
    "شركة جوجل",
    "شركة مايكروسوفت",
    "شركة أبل",
    "شركة هاي تك",
    "شركة نيسان",
    "شركة تويوتا",
    "شركة نيسان موتورز",
    "شركة سامسونج",
    "شركة شل",
    "شركة توتال",
    "شركة كيا موتورز",
    "شركة ميني",
    "شركة أودي",
    "شركة مرسيدس بنز",
    "شركة جيلي",
    "شركة سوزوكي",
    "شركة كرايسلر",
    "شركة فيات",
    "شركة هوندا",
    "شركة جيب",
    "شركة لكزس",
    "شركة دودج",
    "شركة شيفروليه",
    "شركة بي إم دبليو",
    "شركة أستون مارتين",
    "شركة لاند روفر",
    "شركة فولكس فاجن",
    "شركة كاديلاك",
    "شركة إنفينيتي",
    "شركة ألبين",
    "شركة ألفا روميو",
    "شركة بنتلي",
    "شركة لوتس",
    "شركة مازدا",
    "شركة ميتسوبيشي",
    "شركة رام",
    "شركة تسلا",
    "شركة فولفو",
    "شركة بوجاتي",
    "شركة أوبل",
    "شركة لادا",
    "شركة سانج يونج",
    "شركة ايسوزو",
    "شركة سوبارو",
    "شركة باجاج",
    "شركة هارلي ديفيدسون",
    "شركة هينو",
    "شركة دايو"
    ],
    "type": {
      "abbr": [
    "شركة مساهمة",
    "شركة ذات مسؤولية محدودة",
    "شركة تضامن",
    "شركة توصية بسيطة",
    "شركة ذات مسؤولية محدودة (ش.م.م)",
    "شركة فردية",
    "شركة أجنبية",
    "شركة مختلطة",
    "شركة مساهمة خاصة",
    "شركة تكنولوجيا",
    "شركة خدمات",
    "شركة صناعية",
    "شركة تجارية"
      ],
      "title": [
    "شركة مساهمة",
    "شركة ذات مسؤولية محدودة",
    "شركة تضامن",
    "شركة توصية بسيطة",
    "شركة ذات مسؤولية محدودة (ش.م.م)",
    "شركة فردية",
    "شركة أجنبية",
    "شركة مختلطة",
    "شركة مساهمة خاصة",
    "شركة تكنولوجيا",
    "شركة خدمات",
    "شركة صناعية",
    "شركة تجارية"
      ]
    }
  },

  "currency-code": "EGP"
}
