{
  "banks": [
    "Banco Santander, S.A.",
    "Banco Bilbao Vizcaya Argentaria, S.A.",
    "CaixaBank, S.A.",
    "Banco Sabadell, S.A.",
    "Bankinter, S.A.",
    "Banco Popular Español, S.A.",
    "Unicaja Banco, S.A.",
    "Ibercaja Banco, S.A.",
    "Abanca Corporación Bancaria, S.A.",
    "Kutxabank, S.A.",
    "Banco Mare Nostrum, S.A.",
    "Liberbank, S.A.",
    "Banco Cooperativo Español, S.A.",
    "Caja Rural de Navarra, S.C.C.",
    "Caja Rural del Sur, S.C.C.",
    "Banco Mediolanum, S.A.",
    "Caja Rural Central, S.C.C.",
    "Banca March, S.A.",
    "Caja de Crédito de los Ingenieros, S.C.C.",
    "Caja Laboral Popular, Coop. de Crédito"
  ],
  "company": {
    "type": {
      "abbr": [
        "S.A.",
        "S.L.",
        "S.L.N.E.",
        "S.A.D.",
        "S.L.L.",
        "S.C.",
        "S.C.P.",
        "S.Cra.",
        "S.Coop."
      ],
      "title": [
        "Sociedad Anónima",
        "Sociedad Limitada",
        "Sociedad Limitada Nueva Empres",
        "Sociedad Anónima Deportiva",
        "Sociedad Limitada Laboral",
        "Sociedad Colectiva",
        "Sociedad Civil Privada",
        "Sociedad Comanditaria",
        "Sociedad Cooperativa"
      ]
    },
    "name": [
      "3scale",
      "ASTANO",
      "Abengoa",
      "Abertis",
      "Acciona",
      "Acerinox",
      "Advanced Design Tramontana",
      "Afinsa",
      "Agbar",
      "Akamon Entertainment",
      "Almirall",
      "Amadeus IT Group",
      "Antena 3",
      "ApeSoft",
      "BBVA",
      "BME",
      "BRB Internacional",
      "Balay",
      "Banco Popular Español",
      "Banco Sabadell",
      "Banco Santander",
      "Banesto",
      "Bankinter",
      "Budgetplaces",
      "CAF",
      "CASA",
      "CATUAV",
      "CIE Automotive",
      "CLH",
      "Chupa Chups",
      "Cintra",
      "Correos",
      "Cortefiel",
      "Curaxys",
      "Ebro Foods",
      "Ebro trucks",
      "El Corte Inglés",
      "Enagás",
      "Endesa",
      "Eroski",
      "Fagor",
      "Ferrovial",
      "Festina",
      "Fierro Group",
      "Fiesta hotels",
      "Fomento de Construcciones y Contratas",
      "GMV Innovating Solutions",
      "Gas Natural",
      "Grundig mobile",
      "Grupo ACS",
      "Grupo Antolin",
      "Grupo Lo Monaco",
      "Hipercor",
      "IDAPT",
      "Iberdrola",
      "Iberia",
      "Iberia",
      "Inditex",
      "Indra Sistemas",
      "Inibsa",
      "Inmobiliaria Colonial",
      "Irizar",
      "Joma",
      "Kelme",
      "La Caixa",
      "La Casera",
      "Lacasa",
      "Lladró",
      "Llaollao",
      "Majorica",
      "Mango",
      "Mapfre",
      "Marfeel",
      "Matutano",
      "Meliá Hotels International",
      "Mercadona",
      "Mondragon Corporation",
      "Mutua Madrileña",
      "NH Hoteles",
      "Naipes Heraclio Fournier",
      "Natra",
      "Natraceutical",
      "Natraceutical",
      "Nodosa Shipyard",
      "Nutrexpa",
      "OHL",
      "Orbea",
      "PRISA TV",
      "Pacha Group",
      "Pescanova",
      "Planeta",
      "Porcelanosa",
      "Privalia",
      "Private Media Group",
      "Prosegur",
      "Pyro Studios",
      "REE",
      "RIU Hotels",
      "SEAT",
      "Sacyr Vallehermoso",
      "Santana Motor",
      "Sener Aeronáutica",
      "Talgo",
      "Telecinco",
      "Telepizza",
      "Terra Networks",
      "Uralita Group",
      "Vidal",
      "Vitelcom",
      "Vueling Airlines",
      "Zara",
      "Zinkia Entertainment"
    ]
  },
  "currency-code": "EUR"
}
