{
  "academic_degree": [
    "Bachelor",
    "Diplom",
    "Master",
    "Doktor",
    "Professor"
  ],
  "gender": [
    "Andere",
    "Männlich",
    "Weiblich"
  ],
  "language": [
    "Afrikaans",
    "Albanisch",
    "Amharisch",
    "Arabisch",
    "Armenisch",
    "Assamesisch",
    "Aymara",
    "Azeri",
    "Bengali",
    "Bhutanisch",
    "Birmanisch",
    "Bislama",
    "Bosnisch",
    "Bulgarisch",
    "Chinesisch",
    "Dari",
    "Deutsch",
    "Dhivehi",
    "Dänisch",
    "Englisch",
    "Estnisch",
    "Fidschianisch",
    "Filipino",
    "Finnisch",
    "Französisch",
    "Gagausen",
    "Gebärdensprache",
    "Georgisch",
    "Griechisch",
    "Guaraní",
    "Gujarati",
    "Kreolisch",
    "Hebräisch",
    "Hindi",
    "Hiri Motu",
    "Holländisch",
    "Indonesisch",
    "Irisch",
    "Isländisch",
    "Italienisch",
    "Japanisch",
    "Jiddisch",
    "Kanadisch",
    "Kasachisch",
    "Kashmiri",
    "Katalanisch",
    "Khmer",
    "Kirgisisch",
    "Koreanisch",
    "Kroatisch",
    "Kurdisch",
    "Lao",
    "Lettisch",
    "Litauisch",
    "Luxemburgisch",
    "Malagasy",
    "Malaiisch",
    "Malayalam",
    "Maltesisch",
    "Marathi",
    "Mazedonisch",
    "Moldauisch",
    "Mongolisch",
    "Montenegrinisch",
    "Māori",
    "Ndebele",
    "Nepali",
    "Neuseeländisch",
    "Nordsotho",
    "Norwegisch",
    "Oriya",
    "Panjabi",
    "Papiamento",
    "Pashto",
    "Persisch",
    "Polnisch",
    "Portugiesisch",
    "Quechua",
    "Rumänisch",
    "Russisch",
    "Schwedisch",
    "Somali",
    "Sotho",
    "Spanisch",
    "Swahili",
    "Swati",
    "Tadschikisch",
    "Tamilisch",
    "Telugu",
    "Tetum",
    "Thailändisch",
    "Tok Pisin",
    "Tschechisch",
    "Tsonga",
    "Tswana",
    "Ungarisch",
    "Weißrussisch",
    "Zulu"
  ],
  "names": {
    "female": [
      "Ada",
      "Adalgisa",
      "Adalia",
      "Adela",
      "Adele",
      "Adelgunde",
      "Adelheid",
      "Adelina",
      "Adi",
      "Adie",
      "Adolfina",
      "Adolfine",
      "Agatha",
      "Agnes",
      "Agneta",
      "Alberta",
      "Alexandra",
      "Alice",
      "Alina",
      "Aline",
      "Alma",
      "Alwina",
      "Alwine",
      "Amalia",
      "Amalie",
      "Amanda",
      "Amara",
      "Amelia",
      "Amelie",
      "Analiese",
      "Analise",
      "Andrea",
      "Anette",
      "Angela",
      "Angelika",
      "Angelina",
      "Anika",
      "Anita",
      "Anja",
      "Anke",
      "Ann-Katrin",
      "Anna",
      "Annalise",
      "Anne",
      "Annegret",
      "Anneli",
      "Annelie",
      "Annelies",
      "Anneliese",
      "Annelise",
      "Annemarie",
      "Annette",
      "Anni",
      "Annika",
      "Annina",
      "Anny",
      "Antje",
      "Antonia",
      "Arabelle",
      "Arnelle",
      "Astrid",
      "Augusta",
      "Auguste",
      "Ava",
      "Barbara",
      "Beate",
      "Beatrice",
      "Beatrix",
      "Begonia",
      "Bela",
      "Berit",
      "Bernadette",
      "Bernadine",
      "Berta",
      "Bertha",
      "Bettina",
      "Bianca",
      "Bianka",
      "Birgit",
      "Brenda",
      "Brigitte",
      "Britta",
      "Brunhild",
      "Brunhilde",
      "Brünhild",
      "Brünhilde",
      "Bärbel",
      "Caren",
      "Carina",
      "Carla",
      "Carmen",
      "Carola",
      "Carolin",
      "Caroline",
      "Carolyn",
      "Catarina",
      "Catharina",
      "Cathrin",
      "Catrin",
      "Cecilia",
      "Cecilie",
      "Celina",
      "Celine",
      "Charlotte",
      "Chiara",
      "Chloris",
      "Christa",
      "Christel",
      "Christiane",
      "Christina",
      "Christine",
      "Clara",
      "Claudia",
      "Constanze",
      "Cordula",
      "Corina",
      "Corinna",
      "Cornelia",
      "Cäcilia",
      "Cäcilie",
      "Dagmar",
      "Daniela",
      "Delia",
      "Denise",
      "Desirée",
      "Diana",
      "Dietlind",
      "Dietlinde",
      "Dora",
      "Doris",
      "Dorothea",
      "Désirée",
      "Ebba",
      "Edda",
      "Edelweiss",
      "Edith",
      "Edwina",
      "Elena",
      "Eleonora",
      "Eleonore",
      "Elfriede",
      "Elga",
      "Elisa",
      "Elisabeth",
      "Elise",
      "Elke",
      "Ella",
      "Ellen",
      "Elli",
      "Elly",
      "Elma",
      "Elsa",
      "Elsbeth",
      "Else",
      "Elvira",
      "Emilia",
      "Emilie",
      "Emily",
      "Emma",
      "Emmeline",
      "Emmi",
      "Emmy",
      "Erdmute",
      "Erica",
      "Erika",
      "Erna",
      "Ernestine",
      "Ester",
      "Esther",
      "Eugenie",
      "Eva",
      "Evelyn",
      "Fanny",
      "Felda",
      "Felicia",
      "Felicitas",
      "Felizia",
      "Felizitas",
      "Finja",
      "Finnja",
      "Fiona",
      "Flora",
      "Florentina",
      "Florentine",
      "Franziska",
      "Frauke",
      "Frederica",
      "Frederika",
      "Freya",
      "Frida",
      "Fridegunde",
      "Frieda",
      "Friedegund",
      "Friedegunde",
      "Friederike",
      "Fritzi",
      "Gabi",
      "Galiana",
      "Genevieve",
      "Gerda",
      "Gertrud",
      "Gertrude",
      "Gertrudis",
      "Gesine",
      "Gina",
      "Gisa",
      "Gisela",
      "Giselle",
      "Greta",
      "Gretchen",
      "Grete",
      "Gretel",
      "Grethe",
      "Gudrun",
      "Gunda",
      "Gundula",
      "Hanna",
      "Hannah",
      "Hanne",
      "Hannelore",
      "Hedwig",
      "Heide",
      "Heidemarie",
      "Heidi",
      "Heike",
      "Helena",
      "Helene",
      "Helga",
      "Helge",
      "Hella",
      "Helmina",
      "Helmine",
      "Henny",
      "Henrietta",
      "Hermina",
      "Hermine",
      "Herta",
      "Hertha",
      "Hilda",
      "Hilde",
      "Hildegard",
      "Hulda",
      "Ida",
      "Idonia",
      "Ilsa",
      "Ilse",
      "Ima",
      "Imelda",
      "Imke",
      "Imma",
      "Ines",
      "Inga",
      "Inge",
      "Ingeborg",
      "Ingeburg",
      "Ingrid",
      "Irene",
      "Irina",
      "Iris",
      "Irma",
      "Irmalinda‘",
      "Irmela",
      "Irmelin",
      "Irmgard",
      "Isabel",
      "Isabell",
      "Isabella",
      "Isabelle",
      "Ishild",
      "Isold",
      "Isolde",
      "Ivonette",
      "Ivonne",
      "Jacqueline",
      "Jana",
      "Janina",
      "Janine",
      "Jannike",
      "Jaqueline",
      "Jasmin",
      "Jennifer",
      "Jessica",
      "Johanna",
      "Johanne",
      "Josefine",
      "Josephine",
      "Judith",
      "Jule",
      "Julia",
      "Juliane",
      "Jutta",
      "Jutte",
      "Karen",
      "Karin",
      "Karina",
      "Karla",
      "Karolin",
      "Karoline",
      "Kasimira",
      "Katarina",
      "Katarine",
      "Katharina",
      "Kathrin",
      "Katinka",
      "Katja",
      "Katrin",
      "Kerstin",
      "Kim",
      "Kirsten",
      "Klara",
      "Klothilda",
      "Konstanze",
      "Kriemhild",
      "Kriemhilde",
      "Krimhilde",
      "Kristel",
      "Kristen",
      "Kristin",
      "Kristina",
      "Kunigunde",
      "Kurigunde",
      "Käte",
      "Kätharina",
      "Käthe",
      "Lara",
      "Larissa",
      "Laura",
      "Lea",
      "Lena",
      "Lene",
      "Leni",
      "Leona",
      "Leoni",
      "Leonie",
      "Leonore",
      "Leopolda",
      "Liane",
      "Lies",
      "Liesa",
      "Liese",
      "Liesel",
      "Lieselotte",
      "Liesl",
      "Lili",
      "Lilli",
      "Lilly",
      "Lilo",
      "Lina",
      "Linda",
      "Lisa",
      "Liselotte",
      "Livia",
      "Lora",
      "Lore",
      "Lorelei",
      "Loreley",
      "Lotte",
      "Lotti",
      "Louisa",
      "Louise",
      "Luann",
      "Lucia",
      "Lucie",
      "Luisa",
      "Luise",
      "Lulu",
      "Luna",
      "Luzia",
      "Madde",
      "Magda",
      "Magdalena",
      "Magdalene",
      "Malwine",
      "Mareike",
      "Marelda",
      "Margareta",
      "Margarete",
      "Margret",
      "Mariel",
      "Mariele",
      "Marlen",
      "Marlene",
      "Marlies",
      "Marlis",
      "Marta",
      "Martha",
      "Marthe",
      "Martina",
      "Mathilda",
      "Mathilde",
      "Maud",
      "Maya",
      "Mechthild",
      "Meike",
      "Melanie",
      "Melina",
      "Melissa",
      "Melusina",
      "Melusine",
      "Merle",
      "Mette",
      "Mia",
      "Micha",
      "Michaela",
      "Michelle",
      "Milla",
      "Millie",
      "Mina",
      "Mine",
      "Minna",
      "Minnie",
      "Miriam",
      "Mirjam",
      "Mischa",
      "Mitzi",
      "Mona",
      "Monica",
      "Monika",
      "Nadia",
      "Nadine",
      "Nadja",
      "Natalia",
      "Natalie",
      "Natascha",
      "Nathalie",
      "Neele",
      "Nele",
      "Nicola",
      "Nicole",
      "Nina",
      "Noberta",
      "Noemi",
      "Nora",
      "Norberta",
      "Nordica",
      "Oda",
      "Odelia",
      "Odila",
      "Odilia",
      "Olga",
      "Olinda",
      "Olivia",
      "Orlantha",
      "Ortrun",
      "Otthild",
      "Ottila",
      "Ottilia",
      "Ottilie",
      "Ottoline",
      "Patricia",
      "Patrizia",
      "Paula",
      "Paulina",
      "Pauline",
      "Pepin",
      "Petra",
      "Philomena",
      "Pia",
      "Qiana",
      "Quiana",
      "Quianna",
      "Quirina",
      "Rachel",
      "Rafaela",
      "Raffaela",
      "Rahel",
      "Raina",
      "Ramona",
      "Raphaela",
      "Rebecca",
      "Rebekka",
      "Regina",
      "Reinhilde",
      "Renate",
      "Resi",
      "Ricarda",
      "Richelle",
      "Rike",
      "Rita",
      "Roderica",
      "Rolanda",
      "Romey",
      "Romy",
      "Ronja",
      "Rose",
      "Rosa",
      "Rosalind",
      "Rosamond",
      "Rosamund",
      "Rosemarie",
      "Roswitha",
      "Ruperta",
      "Sabina",
      "Sabine",
      "Sabrina",
      "Salida",
      "Samantha",
      "Sandra",
      "Sara",
      "Sarah",
      "Sascha",
      "Saskia",
      "Schwanhild",
      "Selina",
      "Selma",
      "Senta",
      "Seraphina",
      "Seraphine",
      "Serilda",
      "Sibylle",
      "Sieghild",
      "Sieglind",
      "Sieglinde",
      "Sigi",
      "Siglind",
      "Siglinde",
      "Sigrid",
      "Silke",
      "Silvia",
      "Simone",
      "Sina",
      "Sissi",
      "Sofia",
      "Sofie",
      "Sonja",
      "Sonje",
      "Sophia",
      "Sophie",
      "Stefanie",
      "Stella",
      "Stephanie",
      "Susanna",
      "Susanne",
      "Suse",
      "Susi",
      "Svenja",
      "Swanhild",
      "Swanhilda",
      "Swanhilde",
      "Swenja",
      "Sybille",
      "Sylvia",
      "Tabea",
      "Teresia",
      "Theresia",
      "Tilli",
      "Trudi",
      "Trudy",
      "Uda",
      "Ula",
      "Uli",
      "Ulli",
      "Ulrika",
      "Ulrike",
      "Unna",
      "Ursel",
      "Ursula",
      "Uschi",
      "Uta",
      "Ute",
      "Utta",
      "Vala",
      "Valda",
      "Valentina",
      "Valerie",
      "Vanessa",
      "Velma",
      "Vera",
      "Verena",
      "Verona",
      "Veronika",
      "Victoria",
      "Viktoria",
      "Viveka",
      "Vreni",
      "Walborg",
      "Walburg",
      "Walburga",
      "Walda",
      "Waldeburg",
      "Waldi",
      "Waldtraud",
      "Waldtraut",
      "Walpurga",
      "Walpurgis",
      "Waltraud",
      "Waltraut",
      "Wanda",
      "Wanja",
      "Wibke",
      "Wiebke",
      "Wigburg",
      "Wilda",
      "Wilfreda",
      "Wilhelmina",
      "Wilhelmine",
      "Wilma",
      "Winifred",
      "Winola",
      "Xandi",
      "Xandra",
      "Xanthe",
      "Xanthia",
      "Xanthippe",
      "Xavia",
      "Xaviera",
      "Xena",
      "Xenia",
      "Ximena",
      "Yanka",
      "Yasmin",
      "Yvette",
      "Yvonne",
      "Zelda",
      "Zelinda",
      "Zella",
      "Zelma",
      "Zenzi",
      "Zoe",
      "Zäzilia",
      "Zäzilie"
    ],
    "male": [
      "Achim",
      "Adelbert",
      "Adelfried",
      "Adelino",
      "Adelrico",
      "Adolf",
      "Adolph",
      "Adrian",
      "Ahren",
      "Aken",
      "Albern",
      "Albert",
      "Alder",
      "Aldo",
      "Alfred",
      "Alger",
      "Alois",
      "Alphons",
      "Alvin",
      "Alwin",
      "Andreas",
      "Ansgar",
      "Anton",
      "Arendt",
      "Armin",
      "Armond",
      "Arndt",
      "Arne",
      "Arnold",
      "Arvin",
      "August",
      "Aurick",
      "Axel",
      "Barend",
      "Bastian",
      "Benedikt",
      "Benno",
      "Benz",
      "Berg",
      "Bergen",
      "Berger",
      "Bernard",
      "Bernd",
      "Bert",
      "Bertram",
      "Bethold",
      "Bodo",
      "Boris",
      "Bruno",
      "Calvin",
      "Carl",
      "Christian",
      "Christof",
      "Claus",
      "Conrad",
      "Dagobert",
      "Daniel",
      "David",
      "Delbert",
      "Derek",
      "Derick",
      "Diedrich",
      "Dierk",
      "Dieter",
      "Dieterich",
      "Dietrich",
      "Donald",
      "Eberhard",
      "Edmund",
      "Edwin",
      "Egbert",
      "Eike",
      "Eilhard",
      "Ekkehard",
      "Eldwin",
      "Ellard",
      "Elmar",
      "Emerich",
      "Emil",
      "Emmerich",
      "Erhard",
      "Eric",
      "Ernie",
      "Ernst",
      "Eugen",
      "Ewald",
      "Falk",
      "Felix",
      "Ferdinand",
      "Florian",
      "Frank",
      "Franz",
      "Frederick",
      "Fredrik",
      "Friedemann",
      "Friedhold",
      "Friedrich",
      "Fritz",
      "Gebhard",
      "Geert",
      "Georg",
      "Gerald",
      "Gerard",
      "Gerd",
      "Gerhardt",
      "Germar",
      "Gernot",
      "Gert",
      "Gilbert",
      "Giselher",
      "Gottfried",
      "Gottlieb",
      "Griswold",
      "Guido",
      "Gunther",
      "Guthrie",
      "Götz",
      "Günther",
      "Hahn",
      "Hank",
      "Hans",
      "Hansel",
      "Harald",
      "Harbin",
      "Harold",
      "Hartmann",
      "Hartwin",
      "Heiner",
      "Heini",
      "Heino",
      "Heinrich",
      "Heinz",
      "Helge",
      "Heller",
      "Hellmuth",
      "Helmar",
      "Helmut",
      "Helmuth",
      "Herb",
      "Herbert",
      "Herman",
      "Hermann",
      "Herwig",
      "Holger",
      "Horst",
      "Hubert",
      "Imre",
      "Ingo",
      "Jacob",
      "Jacques",
      "Jim",
      "Jimmy",
      "Joachim",
      "Joachim-Friedrich",
      "Johann",
      "Johannes",
      "Jonas",
      "Jonathan",
      "Joseph",
      "Jost",
      "Jupp",
      "Jörg",
      "Jürgen",
      "Karl",
      "Karlheinz",
      "Karsten",
      "Kaspar",
      "Kasper",
      "Kevin",
      "Klaus",
      "Klaus-Peter",
      "Konrad",
      "Kurt",
      "Ladislaus",
      "Lamar",
      "Lambert",
      "Lando",
      "Lars",
      "Leonard",
      "Leopold",
      "Leuther",
      "Levin",
      "Lorentz",
      "Loring",
      "Lothar",
      "Lou",
      "Louis",
      "Ludwig",
      "Luger",
      "Lukas",
      "Luther",
      "Lutz",
      "Lütold",
      "Malte",
      "Manfred",
      "Manuel",
      "Marcus",
      "Mario",
      "Marius",
      "Martin",
      "Matthias",
      "Max",
      "Maximilian",
      "Maximus",
      "Medard",
      "Medwin",
      "Meinrad",
      "Michel",
      "Miles",
      "Milo",
      "Mirco",
      "Mirko",
      "Moritz",
      "Nicolas",
      "Nicolaus",
      "Nivaldo",
      "Norbert",
      "Odell",
      "Odo",
      "Olaf",
      "Oscar",
      "Oskar",
      "Othmar",
      "Otis",
      "Otto",
      "Ottomar",
      "Patrick",
      "Paul",
      "Peter",
      "Philip",
      "Philipp",
      "Rainer",
      "Ralph",
      "Reinhard",
      "Reinhold",
      "Richard",
      "Rico",
      "Robert",
      "Robin",
      "Roderick",
      "Roger",
      "Rolf",
      "Rollin",
      "Rolly",
      "Roly",
      "Roman",
      "Ronald",
      "Roth",
      "Rudi",
      "Rudolf",
      "Rudolph",
      "Rudy",
      "Samuel",
      "Sander",
      "Sebastian",
      "Severin",
      "Siegfried",
      "Sigismund",
      "Sigmond",
      "Sigmund",
      "Sven",
      "Sylvester",
      "Theobold",
      "Thomas",
      "Timo",
      "Tobias",
      "Tom",
      "Udo",
      "Ugo",
      "Ulbrecht",
      "Ulrich",
      "Ulrik",
      "Utto",
      "Uwe",
      "Vonn",
      "Waldo",
      "Walker",
      "Walter",
      "Wendell",
      "Wenzel",
      "Werner",
      "Wernher",
      "Wilfred",
      "Wilhelm",
      "Will",
      "William",
      "Willie",
      "Winfried",
      "Wolf",
      "Wolfgang",
      "Wulf",
      "Xanten",
      "Yohann",
      "Zack",
      "Zak",
      "Zelig",
      "Zellmer",
      "Ziggy"
    ]
  },
  "nationality": {
    "male": [
      "Afghane",
      "Albaner",
      "Amerikaner",
      "Armenier",
      "Aserbaidschaner",
      "Ägypter",
      "Bhutaner",
      "Bosne",
      "Bulgarer",
      "Chinese",
      "Däne",
      "Deutscher",
      "Engländer",
      "Estne",
      "Fidschianer",
      "Finne",
      "Franzose",
      "Georgier",
      "Grieche",
      "Haitianer",
      "Inder",
      "Indonesier",
      "Iraner",
      "Ire",
      "Isländer",
      "Israeli",
      "Italiener",
      "Japaner",
      "Jordanier",
      "Kanadier",
      "Kasache",
      "Kirgise",
      "Koreaner",
      "Kroate",
      "Lette",
      "Litauer",
      "Luxemburger",
      "Malaysier",
      "Malteser",
      "Maori",
      "Mazedonier",
      "Moldauer",
      "Mongole",
      "Nepalese",
      "Neuseeländer",
      "Niederländer",
      "Norweger",
      "Peruaner",
      "Philippiner",
      "Pole",
      "Portugiese",
      "Rumäne",
      "Russe",
      "Schwede",
      "Somalier",
      "Spanier",
      "Südafrikaner",
      "Swasi",
      "Syrer",
      "Tadschike",
      "Thailänder",
      "Tscheche",
      "Ungare",
      "Weißrusse"
    ],
    "female": [
      "Afghanin",
      "Albanerin",
      "Amerikanerin",
      "Armenierin",
      "Aserbaidschanin",
      "Ägypterin",
      "Bhutanerin",
      "Bosnierin",
      "Bulgarin",
      "Chinesin",
      "Dänin",
      "Deutsche",
      "Engländerin",
      "Estin",
      "Fidschianerin",
      "Finnin",
      "Französin",
      "Georgierin",
      "Griechin",
      "Haitianerin",
      "Inderin",
      "Indonesierin",
      "Iranerin",
      "Irin",
      "Isländerin",
      "Israeli",
      "Italienerin",
      "Japanerin",
      "Jordanierin",
      "Kanadierin",
      "Kasachin",
      "Kirgisin",
      "Koreanerin",
      "Kroatin",
      "Lettin",
      "Litauerin",
      "Luxemburgerin",
      "Malaysierin",
      "Malteserin",
      "Maori",
      "Mazedonierin",
      "Moldauerin",
      "Mongolin",
      "Nepalesin",
      "Neuseeländerin",
      "Niederländerin",
      "Norwegerin",
      "Peruanerin",
      "Philippinerin",
      "Polin",
      "Portugiesin",
      "Rumänin",
      "Russin",
      "Schwedin",
      "Somalierin",
      "Spanierin",
      "Südafrikanerin",
      "Swasi",
      "Syrerin",
      "Tadschikin",
      "Thailänderin",
      "Tschechin",
      "Ungarin",
      "Weißrussin"
    ]
  },
  "occupation": [
    "Anwalt / Anwältin",
    "Apotheker / Apothekerin",
    "Architekt / Architektin",
    "Arzt / Ärztin",
    "Bauer / Bäuerin",
    "Beamter / Beamtin",
    "Briefträger / Briefträgerin",
    "Buchhalter / Buchhalterin",
    "Bäcker / Bäckerin",
    "Dolmetscher / Dolmetscherin",
    "Fahrer / Fahrerin",
    "Feuerwehrmann / Feuerwehrfrau",
    "Fremdenführer / Fremdenführerin",
    "Handwerker / Handwerkerin",
    "Ingenieur / Ingenieurin",
    "Journalist / Journalistin",
    "Kassierer / Kassiererin",
    "Kaufmann / Kauffrau",
    "Kellner / Kellnerin",
    "Koch / Köchin",
    "Krankenpfleger / Krankenschwester",
    "Lehrer / Lehrerin",
    "Maler / Malerin",
    "Musiker / Musikerin",
    "Politiker / Politikerin",
    "Psychiater / Psychiaterin",
    "Rechtsanwalt / Rechtsanwältin",
    "Richter / Richterin",
    "Schriftsteller / Schriftstellerin",
    "Sekretär / Sekretärin",
    "Soldat / Soldatin",
    "Sportler / Sportlerin",
    "Tierarzt / Tierärztin",
    "Verkäufer / Verkäuferin",
    "Vertreter / Vertreterin",
    "Zahnarzt / Zahnärztin",
    "Übersetzer / Übersetzerin"
  ],
  "political_views": [
    "Anarchistisch",
    "Kommunistisch",
    "Konservativ",
    "Liberal",
    "Libertär",
    "Linksliberal",
    "Monarchistisch",
    "Nationalistisch",
    "Nationalliberal",
    "Nationalsozialistisch",
    "Radikaldemokratisch",
    "Rechtskonservativ",
    "Sozialdemokratisch",
    "Sozialistisch",
    "Ständisch",
    "Traditionalistisch"
  ],
  "surnames": [
    "Abeln",
    "Abraham",
    "Abt",
    "Achilles",
    "Achterberg",
    "Acker",
    "Ackermann",
    "Adam",
    "Adenauer",
    "Adler",
    "Ahlers",
    "Albert",
    "Albrecht",
    "Alscher",
    "Althaus",
    "Amsel",
    "Andreas",
    "Andres",
    "Armbruster",
    "Arnold",
    "Aue",
    "Auer",
    "Augustin",
    "Aust",
    "Baasch",
    "Bach",
    "Bachmeier",
    "Bader",
    "Bambach",
    "Bauer",
    "Bauers",
    "Baum",
    "Baumann",
    "Baumbach",
    "Baumgartner",
    "Baumhauer",
    "Bayer",
    "Beck",
    "Becke",
    "Beckenbauer",
    "Becker",
    "Beckert",
    "Behrend",
    "Behrends",
    "Beitel",
    "Beltz",
    "Benn",
    "Berg",
    "Berger",
    "Bergfalk",
    "Bergmann",
    "Beringer",
    "Bernat",
    "Best",
    "Beutel",
    "Beyer",
    "Beyersdorf",
    "Bieber",
    "Biermann",
    "Bischoffs",
    "Blau",
    "Blecher",
    "Bleier",
    "Blumenthal",
    "Blumstein",
    "Bocker",
    "Boehler",
    "Boer",
    "Boesch",
    "Bohn",
    "Borchard",
    "Bosch",
    "Brahms",
    "Brand",
    "Brandt",
    "Brant",
    "Brauer",
    "Braun",
    "Braune",
    "Breiner",
    "Breisacher",
    "Breitbarth",
    "Bretz",
    "Brinkerhoff",
    "Brodbeck",
    "Brose",
    "Brotz",
    "Bruhn",
    "Brun",
    "Brune",
    "Buchholz",
    "Buckholtz",
    "Buhr",
    "Bumgarner",
    "Burgstaller",
    "Busch",
    "Böhm",
    "Carver",
    "Dahl",
    "Denzel",
    "Derrick",
    "Diefenbach",
    "Dieter",
    "Dietrich",
    "Dirks",
    "Dirksen",
    "Dittmar",
    "Dohman",
    "Drechsler",
    "Dreher",
    "Dreschner",
    "Dresdner",
    "Dressler",
    "Duerr",
    "Dunkle",
    "Dunst",
    "Eberhardt",
    "Ebner",
    "Eckstein",
    "Egger",
    "Eichel",
    "Eilerts",
    "Engel",
    "Enns",
    "Esser",
    "Essert",
    "Everhart",
    "Fabel",
    "Faerber",
    "Falk",
    "Falkenrath",
    "Faust",
    "Feigenbaum",
    "Feld",
    "Feldt",
    "Fenstermacher",
    "Fertig",
    "Fiedler",
    "Fischer",
    "Flater",
    "Fleischer",
    "Foerstner",
    "Forst",
    "Foth",
    "Frank",
    "Franke",
    "Frei",
    "Freud",
    "Freudenberger",
    "Freund",
    "Fried",
    "Friedrich",
    "Fromm",
    "Frost",
    "Fuchs",
    "Fuhrmann",
    "Fux",
    "Gabler",
    "Gaertner",
    "Garb",
    "Garber",
    "Garver",
    "Gass",
    "Gehrig",
    "Gehring",
    "Geier",
    "Geiger",
    "Geisler",
    "Geissler",
    "Geiszler",
    "Gensch",
    "Gerber",
    "Gerhard",
    "Gerhardt",
    "Gerig",
    "Gerst",
    "Gerstle",
    "Giehl",
    "Giese",
    "Goebel",
    "Goldschmidt",
    "Gorman",
    "Gott",
    "Gotti",
    "Gottlieb",
    "Gottschalk",
    "Graf",
    "Graner",
    "Groos",
    "Gros",
    "Gross",
    "Grosse",
    "Grosser",
    "Grosz",
    "Gunther",
    "Gutermuth",
    "Gwerder",
    "Günther",
    "Haas",
    "Haase",
    "Haber",
    "Habich",
    "Habicht",
    "Hafner",
    "Hahn",
    "Hall",
    "Halle",
    "Harman",
    "Hartmann",
    "Hase",
    "Hasek",
    "Hasenkamp",
    "Hass",
    "Hauer",
    "Haupt",
    "Hausler",
    "Havener",
    "Heidrich",
    "Heinrich",
    "Heinrichs",
    "Heintze",
    "Hellewege",
    "Heppenheimer",
    "Herbert",
    "Hermann",
    "Herrmann",
    "Herschel",
    "Hertz",
    "Herzog",
    "Hildebrand",
    "Hinrichs",
    "Hintzen",
    "Hirsch",
    "Hoch",
    "Hochberg",
    "Hoefler",
    "Hofer",
    "Hoffman",
    "Hoffmann",
    "Hofmann",
    "Hofmeister",
    "Holst",
    "Holtzer",
    "Holzer",
    "Holzknecht",
    "Holzmann",
    "Hoover",
    "Horn",
    "Horowitz",
    "Houk",
    "Huber",
    "Huff",
    "Huffman",
    "Huffmann",
    "Hummel",
    "Hutmacher",
    "Ingersleben",
    "Jaeger",
    "Jager",
    "Jans",
    "Janson",
    "Janz",
    "Jollenbeck",
    "Jordan",
    "Jund",
    "Jung",
    "Junge",
    "Jäger",
    "Kaiser",
    "Keller",
    "Klein",
    "Koch",
    "Kraus",
    "Krause",
    "Krämer",
    "Krüger",
    "Kuhn",
    "Köhler",
    "König",
    "Kühn",
    "Lang",
    "Lange",
    "Lehmann",
    "Lorenz",
    "Ludwig",
    "Maier",
    "Martin",
    "Mayer",
    "Meier",
    "Möller",
    "Müller",
    "Neumann",
    "Otto",
    "Peters",
    "Pohl",
    "Richter",
    "Roth",
    "Sauer",
    "Schmid",
    "Schmidt",
    "Schmitt",
    "Schmitz",
    "Schneider",
    "Scholz",
    "Schreiber",
    "Schröder",
    "Schubert",
    "Schulte",
    "Schulz",
    "Schulze",
    "Schumacher",
    "Schuster",
    "Schwarz",
    "Schäfer",
    "Seidel",
    "Simon",
    "Sommer",
    "Stein",
    "Thomas",
    "Vogel",
    "Vogt",
    "Voigt",
    "Wagner",
    "Walter",
    "Weber",
    "Weiß",
    "Werner",
    "Winkler",
    "Winter",
    "Wolf",
    "Wolff",
    "Ziegler",
    "Zimmermann"
  ],
  "telephone_fmt": [
    "(0####) #######",
    "(0###) #########",
    "+49-####-########",
    "+49-###-#######",
    "+49-##-###-#####"
  ],
  "title": {
    "female": {
      "typical": [
        "Frau"
      ],
      "academic": [
        "Dr.",
        "Dr. rer. nat.",
        "Dr. med.",
        "Prof. Dr."
      ]
    },
    "male": {
      "typical": [
        "Herr"
      ],
      "academic": [
        "Dr.",
        "Dr. med.",
        "Dr. rer. nat.",
        "Prof. Dr."
      ]
    }
  },
  "university": [
    "Universität der Bundeswehr München",
    "Katholische Hochschule Freiburg",
    "Deutsche Universität für Verwaltungswissenschaften Speyer",
    "Europa-Universität Viadrina",
    "Freie Universität Berlin",
    "Helmut-Schmidt-Universität",
    "Humboldt-Universität Berlin",
    "Jacobs University Bremen",
    "Katholische Universität Eichstätt-Ingolstadt",
    "Leuphana Universität Lüneburg",
    "Ludwig-Maximilians-Universität München",
    "Ruhr-Universität Bochum",
    "Universität des Saarlandes",
    "Technische Hochschule Köln",
    "Technische Universität Dortmund",
    "Technische Universität Dresden",
    "Technische Universität Ilmenau",
    "Technische Universität Kaiserslautern ",
    "Ukrainische Freie Universität München",
    "Universität Augsburg",
    "Universität Bamberg",
    "Universität Bayreuth",
    "Universität Bielefeld",
    "Universität Bonn",
    "Universität Bremen",
    "Universität Duisburg-Essen",
    "Universität Düsseldorf",
    "Universität Erfurt",
    "Universität Erlangen-Nürnberg",
    "Universität Flensburg",
    "Universität Frankfurt am Main",
    "Universität Freiburg",
    "Universität Gießen",
    "Universität Greifswald",
    "Universität Göttingen",
    "Universität Hagen",
    "Universität Halle-Wittenberg",
    "Universität Halle-Wittenberg",
    "Universität Hamburg",
    "Universität Hannover",
    "Universität Heidelberg",
    "Universität Heilbronn",
    "Universität Hildesheim",
    "Universität Hof",
    "Universität Hohenheim",
    "Universität Jena",
    "Universität Karlsruhe",
    "Universität Kassel",
    "Universität Kiel",
    "Universität Koblenz-Landau",
    "Universität Konstanz",
    "Universität Köln",
    "Universität Leipzig",
    "Universität Lübeck",
    "Universität Magdeburg",
    "Universität Mainz",
    "Universität Mannheim",
    "Universität Marburg",
    "Universität Münster",
    "Universität Oldenburg",
    "Universität Osnabrück",
    "Universität Paderborn",
    "Universität Passau",
    "Universität Potsdam",
    "Universität Regensburg",
    "Universität Rostock",
    "Universität Siegen",
    "Universität Stuttgart",
    "Universität Trier",
    "Universität Tübingen",
    "Universität Ulm",
    "Universität Vechta",
    "Universität Weimar",
    "Universität Witten/Herdecke",
    "Universität Wuppertal",
    "Universität Würzburg",
    "Universität der Künste Berlin",
    "Zeppelin Universität"
  ],
  "views_on": [
    "Kompromittierbar",
    "Negativ",
    "Neutral",
    "Positiv",
    "Sehr negativ",
    "Sehr positiv"
  ],
  "worldview": [
    "Agnostizismus",
    "Atheismus",
    "Deismus",
    "Humanismus",
    "Judentum",
    "Katholizismus",
    "Konfuzianismus",
    "Pantheismus",
    "Hinduismus",
    "Islam",
    "Buddhismus"
  ]
}
