{
  "address_fmt": "{st_num} {st_sfx} {st_name}",
  "city": [
    "إربد",
    "الجيزة",
    "الحصن",
    "الخالدية الجديدة",
    "الرصيفة",
    "الرمثا",
    "الزرقاء",
    "السخنة",
    "السلط",
    "الشجرة",
    "الصريح",
    "الضليل",
    "الطرة",
    "الطفيلة",
    "الطيبة",
    "العقبة",
    "الفحيص",
    "الكرك",
    "المزار الجنوبي",
    "المزار الشمالي",
    "المشارع",
    "المفرق",
    "النعيمة",
    "الهاشمية",
    "ام السماق الجنوبي",
    "ايدون",
    "بشرى",
    "بيت راس",
    "جديتا",
    "جرش",
    "حواره",
    "دير ابي سعيد",
    "سحاب",
    "شونة الشمالية",
    "عمان",
    "عنجرة",
    "عين الباشا",
    "غور الصافي",
    "كريمة",
    "كفر الماء",
    "كفر يوبا",
    "كفرنجة",
    "مأدبا",
    "مؤتة",
    "ماحص",
    "معان",
    "ناعور"
  ],
  "country": {
    "current_locale": "الأردن",
    "name": [
      "أفغانستان",
      "ألبانيا",
      "الجزائر",
      "أندورا",
      "أنغولا",
      "الأرجنتين",
      "أرمينيا",
      "أستراليا",
      "النمسا",
      "أذربيجان",
      "البهاما",
      "البحرين",
      "بنغلاديش",
      "باربادوس",
      "بيلاروسيا",
      "بلجيكا",
      "بليز",
      "بنين",
      "بوتان",
      "بوليفيا",
      "البوسنة والهرسك",
      "بوتسوانا",
      "البرازيل",
      "بروناي",
      "بلغاريا",
      "بوركينا فاسو",
      "بوروندي",
      "كمبوديا",
      "الكاميرون",
      "كندا",
      "الرأس الأخضر",
      "جمهورية أفريقيا الوسطى",
      "تشاد",
      "تشيلي",
      "الصين",
      "كولومبيا",
      "جزر القمر",
      "الكونغو",
      "الكونغو الديمقراطية",
      "كوستاريكا",
      "كرواتيا",
      "كوبا",
      "قبرص",
      "التشيك",
      "الدنمارك",
      "جيبوتي",
      "دومينيكا",
      "جمهورية الدومينيكان",
      "تيمور الشرقية",
      "الإكوادور",
      "مصر",
      "السلفادور",
      "غينيا الاستوائية",
      "إريتريا",
      "إستونيا",
      "إسواتيني",
      "إثيوبيا",
      "فيجي",
      "فنلندا",
      "فرنسا",
      "الغابون",
      "غامبيا",
      "جورجيا",
      "ألمانيا",
      "غانا",
      "اليونان",
      "غرينادا",
      "غواتيمالا",
      "غينيا",
      "غينيا بيساو",
      "غيانا",
      "هايتي",
      "هندوراس",
      "المجر",
      "آيسلندا",
      "الهند",
      "إندونيسيا",
      "إيران",
      "العراق",
      "إيرلندا",
      "إيطاليا",
      "ساحل العاج",
      "جامايكا",
      "اليابان",
      "الأردن",
      "كازاخستان",
      "كينيا",
      "كيريباتي",
      "كوريا الشمالية",
      "كوريا الجنوبية",
      "الكويت",
      "قرغيزستان",
      "لاوس",
      "لاتفيا",
      "لبنان",
      "ليسوتو",
      "ليبيريا",
      "ليبيا",
      "ليختنشتاين",
      "ليتوانيا",
      "لوكسمبورغ",
      "مدغشقر",
      "مالاوي",
      "ماليزيا",
      "جزر المالديف",
      "مالي",
      "مالطا",
      "جزر مارشال",
      "موريتانيا",
      "موريشيوس",
      "المكسيك",
      "ميكرونيزيا",
      "مولدوفا",
      "موناكو",
      "منغوليا",
      "الجبل الأسود",
      "المغرب",
      "موزمبيق",
      "ميانمار",
      "ناميبيا",
      "ناورو",
      "نيبال",
      "هولندا",
      "نيوزيلندا",
      "نيكاراغوا",
      "النيجر",
      "نيجيريا",
      "مقدونيا الشمالية",
      "النرويج",
      "عمان",
      "باكستان",
      "بالاو",
      "بنما",
      "بابوا غينيا الجديدة",
      "باراغواي",
      "بيرو",
      "الفلبين",
      "بولندا",
      "البرتغال",
      "قطر",
      "رومانيا",
      "روسيا",
      "رواندا",
      "سانت كيتس ونيفيس",
      "سانت لوسيا",
      "سانت فنسنت والغرينادين",
      "ساموا",
      "سان مارينو",
      "ساو تومي وبرينسيب",
      "السعودية",
      "السنغال",
      "صربيا",
      "سيشيل",
      "سيراليون",
      "سنغافورة",
      "سلوفاكيا",
      "سلوفينيا",
      "جزر سليمان",
      "الصومال",
      "جنوب أفريقيا",
      "إسبانيا",
      "سريلانكا",
      "السودان",
      "سورينام",
      "السويد",
      "سويسرا",
      "سوريا",
      "تايوان",
      "طاجيكستان",
      "تنزانيا",
      "تايلاند",
      "توغو",
      "تونغا",
      "ترينيداد وتوباغو",
      "تونس",
      "تركيا",
      "تركمانستان",
      "توفالو",
      "أوغندا",
      "أوكرانيا",
      "الإمارات العربية المتحدة",
      "المملكة المتحدة",
      "الولايات المتحدة الأمريكية",
      "أوروغواي",
      "أوزبكستان",
      "فانواتو",
      "فنزويلا",
      "فيتنام",
      "اليمن",
      "زامبيا",
      "زيمبابوي"
    ]
  },
  "continent": [
    "افريقيا",
    "أمريكا الشمالية",
    "أمريكا الجنوبية",
    "القطب الجنوبي",
    "اسيا",
    "اوروبا",
    "أوقيانوسيا"
  ],
  "state": {
    "abbr": [
      "01",
      "02",
      "03",
      "04",
      "05",
      "06",
      "07",
      "08",
      "09",
      "10",
      "11",
      "12"
    ],
    "name": [
      "عمّان",
      "إربد",
      "الزرقاء",
      "السلط",
      "المفرق",
      "الكرك",
      "مادبا",
      "جرش",
      "عجلون",
      "العقبة",
      "معان",
      "الطفيلة"
    ]
  },
  "street": {
    "suffix": [
      "شارع",
      "طريق",
       "حي",
       "جبل",
       "طلوع",
      "حديقة",
      "ساحة",
      "دوار",
      "تقاطع"
    ],
    "name": [
      "الملك عبدالله الثاني",
      "الملك عبدالله الأول",
      "الملك حسين",
      "الملك فيصل",
      "الملكة رانيا",
      "الملكة نور",
      "الملكة علياء",
      "الأمير حسين",
      "الأمير عبدالله",
      "الأمير محمد",
      "الأمير فيصل",
      "الأمير هاشم",
      "الأمير ة هيا",
      "الأمير ة منى",
      "الأمير ة رحمة",
      "الأمير ة سلمى",
      "الشريف ناصر",
      "الشريف زيد",
      "الهاشمي",
      "الهاشمية",
      "الرشيد",
      "المطار",
      "الجامعة",
      "خلدا",
      "أبو علندا",
      "أبو بكر الصديق",
      "عمر بن الخطاب",
      "الفاروق",
      "الفرقان",
      "عثمان بن عفان",
      "علي بن أبي طالب",
      "عبد الله بن الزبير",
      "عبد الله بن رواحة",
      "صلاح الدين",
      "طارق بن زياد",
      "ابن خلدون",
      "الجامعة الأردنية",
      "مكة",
      "المدينة المنورة",
      "زهران",
      "رغدان",
      "عبد الحميد شرف",
      "الشهيد",
      "الشهداء",
      "الجاردنز",
      "الحمرا",
      "عبد الله غوشة",
      "قعوار",
      "جسر الملك حسين",
      "الاستقلال",
      "الصويفية",
      "الرضا",
      "الشميساني",
      "الكريمة",
      "الأخضر",
      "السعادة",
      "الهاشمي",
      "النصر",
      "النظيف",
      "العروبة",
      "القدس",
      "اليرموك",
      "مؤتة",
      "تلاع العلي",
      "السيف",
      "الشهيد وصفي التل",
      "المعارض",
      "الأسكندرية",
      "الراية",
      "البرج",
      "الطريق الدائري",
      "القيادة",
      "الشهيد عبد الله",
      "الكرامة",
      "الجبيهة",
      "النزهه",
      "المنطقة الصناعية",
      "المهندسين",
      "الرياض",
      "الدوار الأول",
      "الدوار الثاني",
      "الدوار الثالث",
      "الدوار الرابع",
      "الدوار الخامس",
      "الدوار السادس",
      "الدوار السابع",
      "الدوار الثامن",
      "المنهل",
      "القصور",
      "الأمل",
      "الشهداء",
      "الشيخ خليل",
      "الحصن",
      "البركة",
      "العدسية",
      "الطينة",
      "الحياة",
      "الموقر",
      "المهندسين",
      "الصفاوي",
      "الطارق",
      "طارق",
      "الرحاب",
      "البرج",
      "الفردوس",
      "الراشد",
      "البركة",
      "الثورة العربية الكبرى",
      "الاستقلال",
      "فلسطين",
      "التحرير",
      "السلام"
    ]
  },
  "postal_code_fmt": "#####"
}
