{
  "banks": [
    "البنك العربي ش م ع",
    "المؤسسة العربية المصرفية (الاردن)",
    "بنك الاردن",
    "بنك القاهرة عمان",
    "بنك المال الأردني",
    "البنك التجاري الأردني",
    "البنك الاردني الكويتي",
    "البنك الاهلي الاردني",
    "بنك الاسكان للتجارة والتمويل",
    "بنك الاستثمار العربي الاردني",
    "البنك الاستثماري",
    "بنك الاتحاد",
    "البنك العقاري المصري العربي",
    "سيتي بنك إن . إيه",
    "مصرف الرافدين",
    "بنك لبنان والمهجر",
    "البنك العربي الاسلامي الدولي",
    "البنك الاسلامي الاردني",
    "بنك صفوة الإسلامي",
    "مصرف الراجحي"
  ],
  "company": {
    "type": {
      "title": [
        "شركة",
        "مجمع"
      ],
      "abbr": [
        "شركة",
        "مجمع"
      ]
    },
    "name": [
     "شركة الاتصالات الأردنية (أورانج الأردن)",
    "شركة زين",
    "شركة أمنية",
    "شركة جلوبال تليكوم",
    "شركة المشرق للتجارة",
    "شركة المناصير",
    "شركة البوتاس العربية",
    "شركة مصانع الاسمنت الأردنية",
    "شركة الزيادات",
    "شركة المتقدمة للأدوية",
    "شركة الاستثمارات الوطنية",
    "شركة مياه الأردن (مياهنا)",
    "شركة الحوسبة السحابية",
    "شركة الكهرباء الأردنية",
    "شركة النقل الدولي",
    "شركة التأمين الوطنية",
    "شركة أدوية الحكمة",
    "شركة صناعة الأدوية الأردنية",
    "شركة بن سلمان التجارية",
    "شركة سحاب للأدوية",
    "شركة التامين الأردنية",
    "شركة الكابلات الأردنية",
    "شركة المناصير للبتروكيماويات",
    "شركة الهاشمي للمقاولات",
    "شركة الشرق الأوسط للصناعات",
    "شركة عمان للتطوير العقاري",
    "شركة أدوية الشرق الأوسط",
    "شركة راما التجارية",
    "شركة الوطنية للألمنيوم",
    "شركة الأصالة للصناعات الغذائية",
    "شركة الجنوب للخدمات",
    "شركة الأسواق التجارية",
    "شركة الأردن للاستثمار",
    "شركة العربية للمنتجات",
    "شركة تجارية للسيارات",
    "شركة الأردنية للاستثمار السياحي",
    "شركة عجلون للتطوير",
    "شركة التطوير الصناعية",
    "شركة جبل عمان",
    "شركة الخضري للبناء"
    ]
  },
  "currency-code": "JOD"
}
